|spam_text|counts
0|ðŸ¥°ÐÐžÐ’Ð˜ÐÐšÐ˜ Ð’ ÐÐÐ¯Ð’ÐÐžÐ¡Ð¢Ð†ðŸ¥°|153
1|ðŸ¥°ÐÐžÐ’Ð˜ÐÐšÐ˜ Ð’ ÐÐÐ¯Ð’ÐÐžÐ¡Ð¢Ð† ðŸ¥°|102
2|ðŸ¥°ÐÐžÐ’Ð˜ÐÐšÐ˜ Ð’ ÐÐÐ¯Ð’ÐÐžÐ¡Ð¢Ð† âœ…|100
3|ÐœÐ¸Ñ€ Ð¿ÐµÑÐµÐ½ â€” Ð¢ÐµÐºÑÑ‚Ñ‹ Ð¿ÐµÑÐµÐ½ Ð¸ Ð°ÐºÐºÐ¾Ñ€Ð´Ñ‹|83
4|Ð˜Ð³Ñ€Ð°ÐµÐ¼ Ð² Ð‘Ð›ÐžÐšÐÐ”Ð£ Ð²Ð¼ÐµÑÑ‚Ðµ!|73
5|Ð—Ð°Ð¿Ð¸Ñ‚Ð°Ð¹ Ð¼ÐµÐ½Ðµ   ask.fm/sashok9070|70
6|Ð”Ð¾Ð±Ñ€Ð¾Ðµ ÑƒÑ‚Ñ€Ð¾!|55
7|Ð”Ð»Ñ Ð¿Ñ€Ð¾ÑÐ¼Ð¾Ñ‚Ñ€Ð° Ð½ÑƒÐ¶Ð½Ð¾ Ð²Ð¾Ð¹Ñ‚Ð¸ Ð¸Ð»Ð¸ Ð·Ð°Ñ€ÐµÐ³Ð¸ÑÑ‚Ñ€Ð¸Ñ€Ð¾Ð²Ð°Ñ‚ÑŒÑÑ|46
8|Ð¡Ð¼Ð¾Ñ‚Ñ€Ð¸ ÐºÐ°ÐºÐ¾Ðµ ÐºÐ»Ð°ÑÑÐ½Ð¾Ðµ Ð²Ð¸Ð´ÐµÐ¾ Ñƒ Ð¼ÐµÐ½Ñ Ð¿Ð¾Ð»ÑƒÑ‡Ð¸Ð»Ð¾ÑÑŒ! ÐŸÐ¾Ð¿Ñ€Ð¾Ð±ÑƒÐ¹ Ð¸ Ñ‚Ñ‹ - ÑÑ‚Ð¾ Ð»ÐµÐ³ÐºÐ¾!|41
9|Ð—Ð°Ð´Ð°Ð¹ Ð¼Ð½Ðµ Ð²Ð¾Ð¿Ñ€Ð¾Ñ   ask.fm/id42454226|37
10|Ð‘Ð¾Ð¹ ÐºÑƒÐºÐ¾Ð»|36
11|ÐšÐ¾Ð³Ð´Ð°-Ñ‚Ð¾ Ñ ÑÐ¾Ð·Ð´Ð°Ð»Ð° ÑÑ‚Ñƒ ÑÑ‚Ñ€Ð°Ð½Ð¸Ñ†Ñƒ Ð´Ð»Ñ ÑÐ²Ð¾ÐµÐ¹ ÑÐ¾Ð±Ð°ÐºÐ¸, Ð½Ð¾ Ñ‚ÐµÐ¿ÐµÑ€ÑŒ Ð¾Ð½Ð° ÑÐ°Ð¼Ð° Ð·Ð°Ñ€ÐµÐ³Ð¸ÑÑ‚Ñ€Ð¸Ñ€Ð¾Ð²Ð°Ð»Ð°ÑÑŒ.|35
12|Ð—Ð°Ð¿Ð¸Ñ‚Ð°Ð¹ Ð¼ÐµÐ½Ðµ   ask.fm/id141173109|31
13|Ð”Ð¾Ð±Ð°Ð²ÑŒ ÐœÑÑ‚Ñ‹ Ð² ÑÐ¼Ð°Ñ€Ñ‚Ñ„Ð¾Ð½ - myata.me|31
14|ðŸ˜ŽðŸ˜ŽðŸ˜ŽÐšÑ€ÑƒÑ‚Ð°Ñ ÐºÐ¾Ð¶Ð° Ð´ÐµÐ¼Ð¸ÑÐµÐ·Ð¾Ð½ðŸ˜ŽðŸ˜ŽðŸ˜Ž  Ð’ ÐÐÐ›Ð˜Ð§Ð˜Ð˜ !!â¤|29
15|ÐžÑ‚Ð¶Ð°Ð» Ð¾Ñ‡ÐµÑ€ÐµÐ´Ð½Ð¾Ð¹ Ñ€Ð°Ð¹Ð¾Ð½Ñ‡Ð¸Ðº, Ñ‡Ð¾Ñ‚ Ð½ÐµÑ‚ Ð½Ð¾Ñ€Ð¼Ð°Ð»ÑŒÐ½Ñ‹Ñ… ÐºÐ¾Ð½ÐºÑƒÑ€ÐµÐ½Ñ‚Ð¾Ð² Ð² Ð¾ÐºÑ€ÑƒÐ³Ðµ!|29
16|ÐÐµ ÐºÐ°Ð¶Ð´Ð¾Ð¼Ñƒ Ð¿Ð¾Ð´ ÑÐ¸Ð»Ñƒ Ð½Ð°Ð¹Ñ‚Ð¸ Ð²ÑÐµ Ð¾Ñ‚Ð»Ð¸Ñ‡Ð¸Ñ Ð½Ð° Ð´Ð²ÑƒÑ… ÐºÐ°Ñ€Ñ‚Ð¸Ð½ÐºÐ°Ñ…. Ð”ÑƒÐ¼Ð°ÐµÑˆÑŒ, ÑÐ¼Ð¾Ð¶ÐµÑˆÑŒ?|28
17|ÐšÐ¾Ð³Ð´Ð°-Ñ‚Ð¾ Ñ ÑÐ¾Ð·Ð´Ð°Ð» ÑÑ‚Ñƒ ÑÑ‚Ñ€Ð°Ð½Ð¸Ñ†Ñƒ Ð´Ð»Ñ ÑÐ²Ð¾ÐµÐ¹ ÑÐ¾Ð±Ð°ÐºÐ¸, Ð½Ð¾ Ñ‚ÐµÐ¿ÐµÑ€ÑŒ Ð¾Ð½Ð° ÑÐ°Ð¼Ð° Ð·Ð°Ñ€ÐµÐ³Ð¸ÑÑ‚Ñ€Ð¸Ñ€Ð¾Ð²Ð°Ð»Ð°ÑÑŒ.|28
18|#ÐÐ°Ð¹Ð´Ð¸Ð¡Ð»Ð¾Ð²Ð° - Ð½Ð¾Ð²Ð°Ñ Ð¾Ñ‚Ð»Ð¸Ñ‡Ð½Ð°Ñ ÑÐ»Ð¾Ð²ÐµÑÐ½Ð°Ñ Ð¸Ð³Ñ€Ð°! ÐŸÐ¾Ð¸ÑÐº ÑÐ»Ð¾Ð² Ð¸Ð· Ð½Ð°Ð±Ð¾Ñ€Ð° Ð±ÑƒÐºÐ². Ð¢Ñ€ÐµÐ½Ð¸Ñ€ÑƒÐµÑ‚ ÑƒÐ¼ Ð¸ Ð½Ðµ Ð´Ð°ÐµÑ‚ Ð·Ð°ÑÐºÑƒÑ‡Ð°Ñ‚ÑŒ!  Ð¡ÐºÐ°Ñ‡Ð°Ñ‚ÑŒ Ð½Ð° Android -> https://vk.cc/6EfFQC Ð¡ÐºÐ°Ñ‡Ð°Ñ‚ÑŒ Ð½Ð° iPhone -> https://vk.cc/6JXyvg  Ð¡Ð»ÐµÐ´Ð¸Ñ‚Ðµ Ð·Ð° [club147138514 Ð½Ð°ÑˆÐµÐ¹ Ð³Ñ€ÑƒÐ¿Ð¿Ð¾Ð¹]! Ð¡Ð¾Ð·Ð´Ð°Ð½Ð¾ ÐºÐ¾Ð¼Ð°Ð½Ð´Ð¾Ð¹ [club63166775 OpenMyGame]|28
19|Ð¿Ð¾Ð´ÐµÐ»Ð¸Ð»ÑÑ(-Ð»Ð°ÑÑŒ) Ð¾Ñ‚Ð²ÐµÑ‚Ð¾Ð¼ Ñ ASKfm|25
20|ðŸ’£ðŸ’£ðŸ’£ Ð­Ñ‚Ð¾ Ð±Ð¾Ð¼Ð±Ð° ðŸ’£ðŸ’£ðŸ’£  Ð’ ÐÐÐ›Ð˜Ð§Ð˜Ð˜ ðŸ˜|25
21|ðŸ›ðŸ›ðŸ›Ð›ÑŽÐ±Ð¸Ð¼Ñ‹Ðµ Ñ‚ÑƒÑ„ÐµÐ»ÑŒÐºÐ¸ ðŸ›ðŸ›ðŸ˜˜  Ð£ÑÐ¿ÐµÐ¹ ÐºÑƒÐ¿Ð¸Ñ‚ÑŒ ðŸ˜˜ðŸ’ƒ|23
22|"Ð¿Ð¾Ð» Ð³Ð¾Ð´Ð° Ð±ÐµÑÐ¿Ð»Ð°Ñ‚Ð½Ð¾Ð³Ð¾ Ð¸Ð½Ñ‚ÐµÑ€Ð½ÐµÑ‚Ð°!!!  Ð¾Ñ‚ ÐžÐžÐž ""INTERZET"" Ð½Ð° ÑÐ°Ð¹Ñ‚Ðµ http://skidki50.vipshop.ru/."|22
23|ÐŸÐžÐ‘Ð•Ð”Ð! Ð’ Ð½ÐµÐ»Ñ‘Ð³ÐºÐ¾Ð¼ Ð±Ð¾ÑŽ, Ð¼Ð½Ð¾Ð¹ Ð¾Ð´ÐµÑ€Ð¶Ð°Ð½Ð° Ð¼Ð°ÑÑ‚ÐµÑ€ÑÐºÐ°Ñ Ð¿Ð¾Ð±ÐµÐ´Ð° Ð½Ð°Ð´ Ð²Ð¾Ð¹ÑÐºÐ°Ð¼Ð¸ Ð´Ñ€ÑƒÐ³Ð¾Ð³Ð¾ Ð¸Ð³Ñ€Ð¾ÐºÐ°! Ð—Ð° Ð¿Ð¾Ð±ÐµÐ´Ñƒ Ð±Ñ‹Ð»Ð° Ð¿Ð¾Ð»ÑƒÑ‡ÐµÐ½Ð° Ñ…Ð¾Ñ€Ð¾ÑˆÐ°Ñ Ð½Ð°Ð³Ñ€Ð°Ð´Ð°! ÐšÐ»Ð¸ÐºÐ½Ð¸ Ð¿Ð¾ ÑÑÑ‹Ð»ÐºÐµ, Ñ‡Ñ‚Ð¾Ð±Ñ‹ Ð¿Ð¾Ð»ÑƒÑ‡Ð¸Ñ‚ÑŒ Ð½Ð°Ð³Ñ€Ð°Ð´Ñƒ.|22
24|ÐÐ¾Ð²Ñ‹Ð¹ Ð¿Ð°Ð±Ð»Ð¸Ðº Ð¿Ñ€Ð¾ Ð¿Ð¾ÑÑ‚Ð°Ð¿Ð¾ÐºÐ°Ð»Ð¸Ð¿ÑÐ¸Ñ Ð¸ Ð²ÑÐµ Ñ‡Ñ‚Ð¾ Ñ Ð½Ð¸Ð¼ ÑÐ²ÑÐ·Ð°Ð½Ð¾. Ð’ÑÐµ, ÐºÑ‚Ð¾ Ð½Ðµ Ñ€Ð°Ð²Ð½Ð¾Ð´ÑƒÑˆÐµÐ½ Ðº Ð¶Ð°Ð½Ñ€Ñƒ â€” Ð²ÑÑ‚ÑƒÐ¿Ð°ÐµÐ¼!|22
25|[club22987301 Ð’Ð¾Ñ‚ ÑÑ‚Ð¾ Ð¿Ñ€Ð¸ÐºÐ¾Ð»   Ð’ÑÑ‚ÑƒÐ¿Ð°Ð¹Ñ‚Ðµ],|21
26|"Ð¤ÐµÑÑ‚Ð¸Ð²Ð°Ð»ÑŒ ÐšÑ€Ð°ÑÐ¾Ñ‚Ñ‹ ""ÐÐ•Ð’Ð¡ÐšÐ˜Ð• Ð‘Ð•Ð Ð•Ð“Ð"" Ð¡ÐšÐš.ÐŸÐ¸Ñ‚ÐµÑ€ ÑÐµÐ½Ñ‚ÑÐ±Ñ€ÑŒ 2016."|21
27|ÐŸÐÐ Ðš - Ð·Ð´ÐµÑÑŒ Ð¶Ð¸Ð²ÑƒÑ‚ ÑÐ¼Ð°Ñ€Ñ‚Ñ„Ð¾Ð½Ñ‹!|21
28|Ð’Ð·Ð³Ð»ÑÐ½Ð¸, ÐºÐ°ÐºÐ¾Ð¹ Ð¾Ñ‡Ð°Ñ€Ð¾Ð²Ð°Ñ‚ÐµÐ»ÑŒÐ½Ñ‹Ð¹ Ð½Ð°Ñ€ÑÐ´! Ð’ÑÐµ Ð½Ð°Ñ€ÑÐ´Ñ‹ Ð¼Ð¾Ð¶Ð½Ð¾ Ð¿Ð¾ÑÐ¼Ð¾Ñ‚Ñ€ÐµÑ‚ÑŒ Ð² Ð¼Ð¾ÐµÐ¼ Ð°Ð»ÑŒÐ±Ð¾Ð¼Ðµ!|20
29|Ð’Ð°ÑˆÐµÐ¼Ñƒ Ð´Ñ€ÑƒÐ³Ñƒ Ð¾Ñ‡ÐµÐ½ÑŒ Ð½ÑƒÐ¶Ð½Ñ‹ Ð½ÐµÐºÐ¾Ñ‚Ð¾Ñ€Ñ‹Ðµ Ð¿Ñ€ÐµÐ´Ð¼ÐµÑ‚Ñ‹|20
30|ÐÐ°ÑÐ»Ð°Ð¶Ð´Ð°Ð¹Ñ ÐšÐ»Ð°ÑÑÐ¸Ñ‡ÐµÑÐºÐ¾Ð¹ MOBA Ð½Ð° ÐœÐ¾Ð±Ð¸Ð»ÑŒÐ½Ð¾Ð¼. Ð˜Ð³Ñ€Ð°Ð¹ Ñ Ð¢Ð¾Ð¿-Ð˜Ð³Ñ€Ð¾ÐºÐ°Ð¼Ð¸ ÐŸÐ¾ Ð’ÑÐµÐ¼Ñƒ ÐœÐ¸Ñ€Ñƒ!|20
31|#LIKEapp Â°ÎœÏ…Ï‡Î±Î¼Î¼Î±dÎ¶Î¿Î·Â° Ð²ÐµÐ´ÐµÑ‚ Ñ‚Ñ€Ð°Ð½ÑÐ»ÑÑ†Ð¸ÑŽ Magic Live, Ð¿Ñ€Ð¸ÑÐ¾ÐµÐ´Ð¸Ð½ÑÐ¹ÑÑ ÑÐºÐ¾Ñ€ÐµÐ¹!http://s.likee.video/sid/910057091?b=734717404&c=vk&l=ru-RU|20
32|Ð¯ Ð¿Ð¾Ð»ÑƒÑ‡Ð¸Ð» Ð½Ð¾Ð²Ñ‹Ð¹ ÑƒÑ€Ð¾Ð²ÐµÐ½ÑŒ Ð² [club71223946 Ð¤Ð¸Ð·Ñ€ÑƒÐºÐµ].|19
34|"ÐœÐ½Ðµ Ð½ÑƒÐ¶Ð½Ñ‹ ÐºÐ¾Ð½Ñ„ÐµÑ‚Ñ‹ Ð´Ð»Ñ Ð¿Ñ€Ð¾Ð´Ð¾Ð»Ð¶ÐµÐ½Ð¸Ñ Ð¸Ð³Ñ€Ñ‹ Ð² ""ÐŸÐ°Ð¿Ð¸Ð½Ñ‹ Ð´Ð¾Ñ‡ÐºÐ¸""! Ð£ÑÑ‚Ð°Ð½Ð¾Ð²Ð¸Ñ‚Ðµ Ð¸Ð³Ñ€Ñƒ Ð¸ Ð¾Ñ‚Ð¿Ñ€Ð°Ð²ÑŒÑ‚Ðµ Ð¼Ð½Ðµ Ð¿Ð¾Ð´Ð°Ñ€Ð¾Ñ‡Ð½ÑƒÑŽ ÐºÐ¾Ð½Ñ„ÐµÑ‚Ñƒ Ñ‡ÐµÑ€ÐµÐ· Ð»ÐµÐ½Ñ‚Ñƒ Ð´Ñ€ÑƒÐ·ÐµÐ¹!"|19
35|Ð´Ð¾Ð±Ð°Ð²Ð¸Ð» Ð¶ÐµÐ»Ð°Ð½Ð¸Ðµ.|19
36|ÐÐ°Ð¹Ñ‚Ð¸ Ð²ÑÐµ Ð¾Ñ‚Ð»Ð¸Ñ‡Ð¸Ñ Ð½Ð° ÐºÐ°Ñ€Ñ‚Ð¸Ð½ÐºÐ°Ñ… Ð½Ðµ Ñ‚Ð°Ðº Ñ‚Ð¾ Ð¿Ñ€Ð¾ÑÑ‚Ð¾! ÐÐµ Ð²ÐµÑ€Ð¸ÑˆÑŒ? â€“ Ð—Ð°Ð¹Ð´Ð¸ Ð¸ Ð¿Ð¾Ð¿Ñ€Ð¾Ð±ÑƒÐ¹!|19
38|Ð¡Ð½Ð¸Ð¼Ð¾Ðº Ð¸Ð· Ð¸Ð³Ñ€Ñ‹ Ð¢Ñ€Ð°ÐºÑ‚Ð¾Ñ€Ð¸ÑÑ‚|18
39|Ð½Ð¾Ð²Ñ‹Ð¹ Ð½Ð¾Ð¼ÐµÑ€ Ð°ÑÑŒÐºÐ¸ 553960332.|18
41|Ð•Ð²Ñ€Ð¾Ð¿ÐµÐ¹ÑÐºÐ¾Ð¹ ÐºÐ°Ñ‡ÐµÑÑ‚Ð²Ð¾ Ð¿Ð¾ Ð´Ð¾ÑÑ‚ÑƒÐ¿Ð½Ñ‹Ð¼ Ñ†ÐµÐ½Ð°Ð¼. Ð—Ð°ÐºÐ°Ð·Ñ‹Ð²Ð°Ð¹Ñ‚Ðµ)))))ÑÐ¼ Ð² Ð°Ð»ÑŒÐ±Ð¾Ð¼Ðµ|17
43|"Ð¤Ñ€Ð°Ð³Ð¼ÐµÐ½Ñ‚ Ð¤ÐµÑÑ‚Ð¸Ð²Ð°Ð»Ñ ÐšÑ€Ð°ÑÐ¾Ñ‚Ñ‹ ""ÐÐµÐ²ÑÐºÐ¸Ðµ Ð‘ÐµÑ€ÐµÐ³Ð°"" 2017."|17
44|Ð¨Ð°Ð¿Ð¾Ñ‡ÐºÐ¸ Ð· Ð¼Ð¾Ñ…ÐµÑ€Ð° Ð¿Ð¾ 350 Ð³Ñ€Ð½ ðŸŽ€ðŸ‘Œ  Ð’'ÑÐ¶Ñƒ Ð½Ð° Ð·Ð°Ð¼Ð¾Ð²Ð»ÐµÐ½Ð½Ñ)    ÐŸÐ°Ð»Ñ–Ñ‚Ñ€Ñƒ ÐºÐ¾Ð»ÑŒÑ€Ñ–Ð² ÑÐºÐ¸Ð´Ð°ÑŽ Ð² Ð¿Ñ€Ð¸Ð²Ð°Ñ‚ ðŸŒˆ  P.S. Ð—Ð¸Ð¼Ð° Ð±Ð»Ð¸Ð·ÑŒÐºÐ¾:)|17
45|[club32194285 Bon App&amp;#233;tit   Ð›ÑƒÑ‡ÑˆÐ¸Ðµ Ñ€ÐµÑ†ÐµÐ¿Ñ‚Ñ‹],|16
46|Ð­Ð½ÐµÑ€Ð³Ð¸Ñ Ð´Ð°Ñ€Ð¾Ð¼! Ð¯ Ð¾Ñ‚Ð´Ð°ÑŽ ÐºÐ¾Ñ„ÐµÐ¹Ð½ÑƒÑŽ Ñ‡Ð°ÑˆÐºÑƒ Ð±ÐµÑÐ¿Ð»Ð°Ñ‚Ð½Ð¾ Ð¿ÐµÑ€Ð²Ð¾Ð¹ Ð¿Ð¾Ð¿Ñ€Ð¾ÑÐ¸Ð²ÑˆÐµÐ¹!|16
47|Ð—Ð°Ð¿Ð¸Ñ‚Ð°Ð¹ Ð¼ÐµÐ½Ðµ   ask.fm/irina339|16
48|Ð ÐµÐ´Ð°ÐºÑ‚Ð¸Ñ€Ð¾Ð²Ð°Ð½Ð¸Ðµ Ð¾Ð±Ñ€Ð°Ð·Ð¾Ð²Ð°Ð½Ð¸Ñ|16
50|Ð”Ð°Ð´Ð° Ð¿Ñ€ÐµÐ¼Ð¸ÑƒÐ¼ ÐºÐ¾Ð¼Ñ„Ð¾Ñ€Ñ‚ Ñ„Ð¸Ñ‚ 205Ð³Ñ€Ð½|15
51|Ð½Ð¾Ð²Ñ‹Ð¹ Ð³Ð¾Ð´ 2015|15
52|Ð‘Ñ‹Ñ‚Ð¾Ð²Ð°Ñ Ñ…Ð¸Ð¼Ð¸Ñ ÐµÐ²Ñ€Ð¾Ð¿ÐµÐ¹ÑÐºÐ¾Ð³Ð¾ ÐºÐ°Ñ‡ÐµÑÑ‚Ð²Ð° Ð¿Ð¾ Ð´Ð¾ÑÑ‚ÑƒÐ¿Ð½Ñ‹Ð¼ Ñ†ÐµÐ½Ð°Ð¼, Ð±ÐµÐ· Ð²Ñ€ÐµÐ´Ð° Ð´Ð»Ñ Ð·Ð´Ð¾Ñ€Ð¾Ð²ÑŒÑ Ð’Ð°Ñ Ð¸ Ð’Ð°ÑˆÐ¸Ñ… Ð´Ð¸Ñ‚ÐµÐ¹.Ð’ÑÐµ Ð² Ð½Ð°Ð»Ð¸Ñ‡Ð¸Ð¸, Ð±ÐµÑÐ¿Ð»Ð°Ñ‚Ð½Ð°Ñ Ð´Ð¾ÑÑ‚Ð°Ð²ÐºÐ°))ÑÐ¼Ð¾Ñ‚Ñ€Ð¸Ñ‚Ðµ Ð²ÐµÑÑŒ Ñ‚Ð¾Ð²Ð°Ñ€ Ð² Ð°Ð»ÑŒÐ±Ð¾Ð¼Ðµ!!!|15
53|"Ð¤Ñ€Ð°Ð³Ð¼ÐµÐ½Ñ‚ Ð¼ÑŽÐ·Ð¸ÐºÐ»Ð° ""ÐœÐÐ¡Ð¢Ð•Ð  Ð¸ ÐœÐÐ Ð“ÐÐ Ð˜Ð¢Ð"""|15
54|ðŸ”¥ðŸ”¥Ð¡Ð£ÐŸÐ•Ð  Ð—ÐÐ˜Ð–ÐšÐðŸ”¥ðŸ”¥ÐÐžÐ’Ð Ð¦Ð†ÐÐ 300 Ð³Ñ€Ð½ðŸ”¥ðŸ”¥ ÐŸÐ»Ð°Ñ‚ÑŒÐµ Ð¢ÐºÐ°Ð½ÑŒ-Ð¿Ð°Ñ€Ñ‡Ð° Ð Ð°Ð·Ð¼ÐµÑ€ ÐµÐ´Ð¸Ð½Ñ‹Ð¹ Ð”Ð»Ð¸Ð½Ð° 90ÑÐ¼ ÐŸÐ»Ð°Ñ‚ÑŒÐµ Ñ ÐºÐ°Ñ€Ð¼Ð°Ð½Ð°Ð¼Ð¸ ÑÑ‚Ð°Ñ€Ð° Ñ†Ñ–Ð½Ð° 370 Ð³Ñ€Ð½|15
56|Ð‘ÐµÐ·Ñ„Ð¾ÑÑ„Ð°Ñ‚Ð½Ð°Ñ Ð¿Ñ€Ð¾Ð´ÑƒÐºÑ†Ð¸Ñ Ñ ÐŸÐ¾Ð»ÑŒÑˆÐ¸ Ð¸ Ð“ÐµÑ€Ð¼Ð°Ð½Ð¸Ð¸, Ð²ÑÐµ Ð² Ð½Ð°Ð»Ð¸Ñ‡Ð¸Ð¸, Ð±ÐµÑÐ¿Ð»Ð°Ñ‚Ð½Ð°Ñ Ð´Ð¾ÑÑ‚Ð°Ð²ÐºÐ° ))))ÑÐ¼ Ð°Ð»ÑŒÐ±Ð¾Ð¼|14
57|ÐÐ¾Ð²Ñ‹Ð¹ Ð¿Ð°Ð±Ð»Ð¸Ðº Ð¿Ñ€Ð¾ Ð¿Ð¾ÑÑ‚Ð°Ð¿Ð¾ÐºÐ°Ð»Ð¸Ð¿ÑÐ¸Ñ Ð¸ Ð²ÑÐµ Ñ‡Ñ‚Ð¾ Ñ Ð½Ð¸Ð¼ ÑÐ²ÑÐ·Ð°Ð½Ð¾. Ð’ÑÐµ, ÐºÑ‚Ð¾ Ð½Ðµ Ñ€Ð°Ð²Ð½Ð¾Ð´ÑƒÑˆÐµÐ½ Ðº Ð¶Ð°Ð½Ñ€Ñƒ â€” Ð²ÑÑ‚ÑƒÐ¿Ð°ÐµÐ¼|14
58|Ð”Ñ€ÑƒÐ·ÑŒÑ, Ð¾ÑÐ¼ÐµÐ»Ð¸Ñ‚ÐµÑÑŒ Ð¿Ñ€Ð¸Ð½ÑÑ‚ÑŒ Ð¼Ð¾Ð¹ Ð²Ñ‹Ð·Ð¾Ð²? Ð—Ð°Ð²ÐµÑ€ÑˆÐ¸Ð» 5 ÑÐµÑ€Ð¸Ð¹Ð½Ñ‹Ñ… Ð¿Ð¾Ð±ÐµÐ´ ÑÐµÐ³Ð¾Ð´Ð½Ñ.|14
59|"ÐŸÑ€ÐµÐ¼ÑŒÐµÑ€Ð° Ð¾Ð¿ÐµÑ€Ñ‹ Ð”Ð¾Ð½Ð¸Ñ†ÐµÑ‚Ñ‚Ð¸-""Ð›Ð®Ð‘ÐžÐ’ÐÐ«Ð™ ÐÐÐŸÐ˜Ð¢ÐžÐš"" Ð² Ð¿Ð¾ÑÑ‚Ð°Ð½Ð¾Ð²ÐºÐµ Ð®Ñ€Ð¸Ñ ÐÐ»ÐµÐºÑÐ°Ð½Ð´Ñ€Ð¾Ð²Ð° , Ð½Ð° ÑÑ†ÐµÐ½Ðµ Ð¢ÐµÐ°Ñ‚Ñ€Ð° ""Ð¡ÐÐÐšÐ¢Ðª-ÐŸÐ•Ð¢Ð•Ð Ð‘Ð£Ð Ð“Ðª ÐžÐŸÐ•Ð Ð""."|14
60|ÐŸÑ€Ð¾Ð´ÑƒÐºÑ†Ð¸Ñ Ñ ÐŸÐ¾Ð»ÑŒÑˆÐ¸ Ð¸ Ð“ÐµÑ€Ð¼Ð°Ð½Ð¸Ð¸, Ð¾Ñ€Ð¸Ð³Ð¸Ð½Ð°Ð»ÑŒÐ½Ð°Ñ, ÐºÐ°Ñ‡ÐµÑÑ‚Ð²ÐµÐ½Ð½Ð°Ñ,Ð´Ð¾ÑÑ‚ÑƒÐ¿Ð½Ð°Ñ Ð¸ Ð±ÐµÐ·Ð¾Ð¿Ð°ÑÐ½Ð°Ñ Ð´Ð»Ñ Ð’Ð°Ñ Ð¸ Ð´Ð¸Ñ‚ÐµÐ¹))|14
61|â¤â¤â¤Ð’ ÐÐÐ›Ð˜Ð§Ð˜Ð˜â¤â¤â¤ Ð’ ÐÐÐ›Ð˜Ð§Ð˜Ð˜â¤â¤â¤|14
62|Ð—Ð°Ð´Ð°Ð¹ Ð¼Ð½Ðµ Ð²Ð¾Ð¿Ñ€Ð¾Ñ   ask.fm/id195873142|13
63|"Ð¤Ñ€Ð°Ð³Ð¼ÐµÐ½Ñ‚ Ð¿Ð¾ÐºÐ°Ð·Ð° Ð½Ð° Ð¤ÐµÑÑ‚Ð¸Ð²Ð°Ð»Ðµ ÐšÑ€Ð°ÑÐ¾Ñ‚Ñ‹ ""ÐÐµÐ²ÑÐºÐ¸Ðµ Ð‘ÐµÑ€ÐµÐ³Ð°"" 2015"|13
64|Ð£Ñ€Ð°! Ð¯ Ð¿Ð¾Ð±ÐµÐ´Ð¸Ð»Ð° Ð² Ð¸Ð³Ñ€Ðµ Ð¡Ð²Ð°Ð´ÑŒÐ±Ð° Ð¿Ð¾ Ð»ÑŽÐ±Ð²Ð¸! ÐŸÐ¾Ð¿Ñ€Ð¾Ð±ÑƒÐ¹, Ð¾Ð±Ð³Ð¾Ð½Ð¸ Ð¼ÐµÐ½Ñ!|13
65|Ð˜Ð½Ñ‚ÐµÑ€Ð½ÐµÑ‚ + Ð¡Ð¸ÑÑ‚ÐµÐ¼Ð° Ð£ÑÐ¿ÐµÑ… Ð’Ð¼ÐµÑÑ‚Ðµ = Ð´Ð¾Ñ…Ð¾Ð´ Ð¾Ñ‚ 1000$. Ð¿Ñ€ÑÐ¼Ð¾Ð¹ ÑÑ„Ð¸Ñ€ Ð² 14:00 Ð¸ 19:30 ÐœÐ¾ÑÐºÐ²Ñ‹ Ð½Ð°ÑƒÑ‡Ð¸Ð¼,Ð¾Ð±ÑƒÑ‡Ð¸Ð¼,Ð¿Ñ€Ð¾Ð´Ð²Ð¸Ð½ÐµÐ¼ Ð¿Ð¾ ÐºÐ°Ñ€ÑŒÐµÑ€Ð½Ð¾Ð¹ Ð»ÐµÑÑ‚Ð½Ð¸Ñ†Ðµ.Ð‘ÐµÐ· Ð¸Ð½Ð²ÐµÑÑ‚Ð¸Ñ†Ð¸Ð¹,Ð‘ÐµÐ· Ñ€Ð¸ÑÐºÐ°!!!! Â»http://comanda.st10.su/15 Â« ÐŸÑ€Ð¾ÑÑ‚Ð¾ Ð·Ð°Ð¹Ð¼Ð¸ Ð±ÐµÑÐ¿Ð»Ð°Ñ‚Ð½Ð¾ Ð¿Ð¾Ð·Ð¸Ñ†Ð¸ÑŽ http://Alexej.BAPowerline.com/ Ð›ÑƒÑ‡ÑˆÐµ Ð´ÐµÐ¹ÑÑ‚Ð²ÑƒÐ¹Ñ‚Ðµ Ð¸ Ð¿Ð¾Ð±ÐµÐ¶Ð´Ð°Ð¹Ñ‚Ðµ :http://comanda.as9.tv/welcome Skype:Alexej1076|13
66|Ð¯ Ð¾Ñ‚ÐºÑ€Ñ‹Ð»Ð° Ð½Ð¾Ð²Ñ‹Ð¹ Ð¿Ð¾Ð´Ð°Ñ€Ð¾Ðº: ÐŸÐ¸Ð²Ð¾|13
67|Ð’ Ð½Ð°ÑÐ²Ð½Ð¾ÑÑ‚Ñ– Ñƒ Ð¼.Ð›ÑƒÑ†ÑŒÐº_Ð¼Ð°Ð»Ð¾Ð¼Ñ–Ñ€_40_Ñ†Ñ–Ð½Ð° 195 Ð³Ñ€Ð½ðŸ”¥ðŸ”¥ðŸŒ¿ðŸŒ·|13
68|#Ð»ÐµÑ‚Ð¾ #Ð¾Ñ‚Ð¿ÑƒÑÐº #ÑÐ¾Ñ‡Ð¸ #Ñ€Ð¾Ð·Ð°Ñ…ÑƒÑ‚Ð¾Ñ€ #Ð³Ð¾Ñ€Ñ‹ |13
69|Ð¯ Ð¿Ð¾Ð±ÐµÐ´Ð¸Ð»Ð° Ð² ÑÐ¾Ñ€ÐµÐ²Ð½Ð¾Ð²Ð°Ð½Ð¸ÑÑ… Ð¸ Ð¿ÐµÑ€ÐµÑ…Ð¾Ð¶Ñƒ Ð² Ð±Ð¾Ð»ÐµÐµ ÐºÑ€ÑƒÑ‚ÑƒÑŽ Ð»Ð¸Ð³Ñƒ|13
70|Free Fire ÑÑ‚Ð¾ Ð»ÑƒÑ‡ÑˆÐ°Ñ ÐšÐ¾Ñ€Ð¾Ð»ÐµÐ²ÑÐºÐ°Ñ Ð‘Ð¸Ñ‚Ð²Ð° Ð´Ð»Ñ Ð¼Ð¾Ð±Ð¸Ð»ÑŒÐ½Ñ‹Ñ… Ñ‚ÐµÐ»ÐµÑ„Ð¾Ð½Ð¾Ð²|13
71|Ð´Ð¾Ð±Ð°Ð²Ð»ÑÐ¹Ñ‚ÐµÑÑŒ ÐºÐ¾ Ð¼Ð½Ðµ Ð² Ð³Ñ€ÑƒÐ¿Ð¿Ñƒ http://vkontlalkte.ru/club460389/.|12
72|Ð’ ÐÐÐ›Ð˜Ð§Ð˜Ð˜ â¤ Ð’ ÐÐÐ›Ð˜Ð§Ð˜Ð˜â¤ Ð’ ÐÐÐ›Ð˜Ð§Ð˜Ð˜â¤ Ð’ ÐÐÐ›Ð˜Ð§Ð˜Ð˜â¤|12
73|Ð”Ð¾Ð±Ð°Ð²Ð»ÑÐ¹ÑÑ ÐºÐ¾ Ð¼Ð½Ðµ Ð² Ð”Ñ€ÑƒÐ³Ð’Ð¾ÐºÑ€ÑƒÐ³! ðŸ˜‰ â­â­â­â­â­ Ð›ÑƒÑ‡ÑˆÐ¸Ð¹ ÑÐµÑ€Ð²Ð¸Ñ Ð´Ð»Ñ Ð¾Ð±Ñ‰ÐµÐ½Ð¸Ñ Ð¸ Ð¿Ð¾Ð¸ÑÐºÐ° Ð½Ð¾Ð²Ñ‹Ñ… Ð´Ñ€ÑƒÐ·ÐµÐ¹ - 30 Ð¼Ð»Ð½. Ñ‡ÐµÐ»Ð¾Ð²ÐµÐº Ð³Ð¾Ñ‚Ð¾Ð²Ñ‹ Ð¾Ð±Ñ‰Ð°Ñ‚ÑŒÑÑ Ð¿Ñ€ÑÐ¼Ð¾ ÑÐµÐ¹Ñ‡Ð°Ñ! ðŸ‘‰|12
74|Ð£Ñ€Ð°, Ð¿Ð¾Ð±ÐµÐ´Ð°! Ð¯ Ð¿Ð¾Ð±ÐµÐ´Ð¸Ð»Ð° ÑÐ¸Ð»ÑŒÐ½ÑƒÑŽ ÑÐ¾Ð¿ÐµÑ€Ð½Ð¸Ñ†Ñƒ Ð¸ Ð´ÐµÐ»ÑŽÑÑŒ Ñ Ñ‚Ð¾Ð±Ð¾Ð¹ ÑÐ²Ð¾Ð¸Ð¼ Ð¾Ð±Ð°ÑÐ½Ð¸ÐµÐ¼!|12
75|Ð˜Ð½Ð´Ð¸Ð°Ð½Ð° ÐºÐ¾Ñ‚|12
76|Ð¿Ð¾Ð´ÐµÐ»Ð¸Ð»ÑÑ(-Ð»Ð°ÑÑŒ) Ð¾Ñ‚Ð²ÐµÑ‚Ð¾Ð¼ Ñ Ask.fm|12
77|ÐšÑ‚Ð¾ Ð²Ð¸Ð´Ð¸Ñ‚ Ð¾ÑÑ‚Ð°Ð»ÑŒÐ½Ñ‹Ðµ Ð¾Ñ‚Ð»Ð¸Ñ‡Ð¸Ñ?|12
78|ðŸ˜ŠðŸŽŠðŸŽ‰ðŸŽÐšÐ¸ÑÑƒÐ»Ñ ÐœÐ¾ÑðŸ˜˜!!!Ð¯ Ð¿Ð¾Ð·Ð´Ñ€Ð°Ð²Ð»ÑÑŽ Ñ‚ÐµÐ±Ñ Ñ Ñ‚Ð²Ð¾Ð¸Ð¼ Ð”ÐÐ•Ðœ Ð ÐžÐ–Ð”Ð•ÐÐ˜Ð¯ðŸ¤—!!!!!Ð–ÐµÐ»Ð°ÑŽ Ñ‚ÐµÐ±Ðµ Ð²ÑÐµÐ³Ð¾ ÑÐ°Ð¼Ð¾Ð³Ð¾ Ñ…Ð¾Ñ€Ð¾ÑˆÐµÐ³Ð¾.ðŸ’ðŸ™ƒ!!!ÐžÑÑ‚Ð°Ð²Ð°Ð¹ÑÑ Ð²ÑÐµÐ³Ð´Ð° Ñ‚Ð°ÐºÐ¾Ð¹ Ð¶Ðµ ðŸ˜ŠÐ˜ÑÐºÑ€ÐµÐ½Ð½ÐµÐ¹ ,ðŸ˜ŠÐžÑ‚Ð·Ñ‹Ð²Ñ‡Ð¸Ð²Ð¾Ð¹,ðŸ˜ŠÐ”Ð¾Ð±Ñ€Ð¾Ð¹ Ð¸ ðŸ˜ŠÐšÑ€Ð°ÑÐ¸Ð²Ð¾Ð¹...Ð’ÑÐµÐ³Ð´Ð°  Ð¼ÐµÐ½Ñ Ð¶Ð´ÐµÑˆÑŒ Ð´Ð¾Ð¼Ð¾Ð¹ Ð¸ ÑÐºÑƒÑ‡Ð°ÐµÑˆÑŒðŸ˜˜ÐºÐ°Ðº Ð¸ Ñ ÑÐ¾Ð±ÑÑ‚Ð²ÐµÐ½Ð½Ð¾ Ð¶Ð´Ñƒ Ñ Ð½ÐµÑ‚ÐµÑ€Ð¿ÐµÐ½Ð¸ÐµÐ¼ Ð²ÑÑ‚Ñ€ÐµÑ‡Ð¸ Ñ Ñ‚Ð¾Ð±Ð¾Ð¹!!!Ð¢Ñ‹ Ð½Ðµ ÐºÐ¾Ð³Ð´Ð° Ð½Ðµ Ð¿Ñ€ÐµÐ´Ð°ÑˆÑŒ Ð¸ Ð¸Ð¼ÐµÐ½Ð½Ð¾ Ð·Ð° ÑÑ‚Ð¸ Ñ‚Ð²Ð¾Ð¸ ÐºÐ°Ñ‡ÐµÑÑ‚Ð²Ð° Ð¯ Ð¢ÐµÐ±Ñ Ð›ÑŽÐ±Ð»ÑŽ!!!ÐœÑ‹ Ð´Ð°Ð²Ð½Ð¾  Ð´Ñ€ÑƒÐ¶Ð¸Ð¼ ,Ñ‚Ñ‹ ÑÑ‚Ð°Ð»Ð°  Ð´Ð»Ñ  Ð¼ÐµÐ½Ñ  ÐµÑ‰Ðµ  Ð¾Ð´Ð½Ð¸Ð¼  Ñ€Ð¾Ð´Ð½Ñ‹Ð¼ Ñ‡ÐµÐ»Ð¾Ð²ÐµÑ‡ÐºÐ¾Ð¼â¤ðŸ’‹ðŸŒ¹ðŸ‘­ðŸ¤˜ðŸ» ÐµÑ‰Ðµ Ñ€Ð°Ð· Ð¡ Ð”ÐÐ•Ðœ Ð ÐžÐ–Ð”Ð•ÐÐ˜Ð¯ ÐœÐžÐ¯ ÐŸÐžÐ”Ð Ð£Ð–ÐšÐ!!!!!â¤ðŸ’‹|11
79|ÑÑ‚Ð¾ Ñ‚Ð¾Ñ‡Ð½Ð¾|11
80|ðŸ’–Ð’ ÐÐÐ›Ð˜Ð§Ð˜Ð˜ ðŸ’–Ð’ ÐÐÐ›Ð˜Ð§Ð˜Ð˜ ðŸ’–Ð’ ÐÐÐ›Ð˜Ð§Ð˜Ð˜ ðŸ’–Ð’ ÐÐÐ›Ð˜Ð§Ð˜Ð˜ ðŸ’–|11
81|ðŸ˜ðŸ’•ÐÐžÐ’Ð˜ÐÐžÐ§ÐšÐ ðŸ˜ðŸ’•ÐÐžÐ’Ð˜ÐÐšÐ ðŸ˜ðŸ’•ÐÐžÐ’Ð˜ÐÐžÐ§ÐšÐ ðŸ˜ðŸ’•ÐÐžÐ’Ð˜ÐÐšÐ|11
82|Ð”Ð°Ð²Ð°Ð¹ Ð¸Ð³Ñ€Ð°Ñ‚ÑŒ Ð² ÐšÐ¸Ñ ÐšÐ¸Ñ, Ñ‚ÑƒÑ‚ Ð²ÐµÑÐµÐ»Ð¾!|11
83|â¤â¤â¤Ð›Ð®Ð‘Ð˜ÐœÐÐ¯ ÐšÐžÐ–Ð â¤â¤â¤ Ð’ ÐÐÐ›Ð˜Ð§Ð˜Ð˜ ðŸ‘ðŸ»|11
84|ðŸŒ¹ðŸŒ¹ðŸŒ¹ÐÐ¾Ð²Ð¸Ð½ÐºÐ¸ ðŸŒ¹ðŸŒ¹ðŸŒ¹  Ñ‚ÑƒÑ„ÐµÐ»ÑŒÐºÐ¸ ðŸ˜  Ð’ ÐÐÐ›Ð˜Ð§Ð˜Ð˜ðŸ‘ŒðŸ»|11
85|â¤â¤â¤ ÐšÑ€ÑƒÑ‚Ñ‹Ðµ Ñ‚ÑƒÑ„ÐµÐ»ÑŒÐºÐ¸ â¤â¤â¤  Ð’ ÐÐÐ›Ð˜Ð§Ð˜Ð˜ ðŸ‘ðŸ»|11
86|Ð—Ð°Ð´Ð°Ð¹ Ð¼Ð½Ðµ Ð²Ð¾Ð¿Ñ€Ð¾Ñ|11
87|ÐŸÐ¾ÐºÑ€Ð°ÑÐºÐ° Ð°Ð²Ñ‚Ð¾Ð¼Ð¾Ð±Ð¸Ð»Ñ, ÐºÑƒÐ·Ð¾Ð²Ð½Ð¾Ð¹ Ñ€ÐµÐ¼Ð¾Ð½Ñ‚. Ð¢ÐµÐ» 89157900123|11
88|Ð’ Ð½Ð°ÑÐ²Ð½Ð¾ÑÑ‚Ñ– Ñƒ Ð¼.Ð›ÑƒÑ†ÑŒÐº_Ð¼Ð°Ð»Ð¾Ð¼Ñ–Ñ€_40_Ñ†Ñ–Ð½Ð° 200 Ð³Ñ€Ð½ðŸ”¥ðŸ”¥ðŸŒ¿ðŸŒ·|11
89|In stock/Skladem/Ð’ Ð½Ð°Ð»Ð¸Ñ‡Ð¸Ð¸ 300kÄ.  Ultra slim Silicone/  Ð¢Ð¾Ð½ÐºÐ¸Ð¹ ÑÐ¸Ð»Ð¸ÐºÐ¾Ð½#casesprague#praha#pouzdra#kryt#iphone#cases#Ñ‡ÐµÑ…Ð»Ñ‹#Ð¿Ñ€Ð°Ð³Ð°#kryty#5/5s/6/6+/6s/6s+ @ JiÅ™Ã­ho z PodÄ›brad|11
90|Ð»ÑÐ½Ñ‚Ðµ ÐºÐ°ÐºÐ¾Ð¹ Ð¼Ð½Ðµ ÑÐ°Ð¹Ñ‚ Ð¿Ð¾Ð¿Ð°Ð»ÑÑ jeybe.ru Ð´Ð¾ Ñ‡ÐµÐ³Ð¾ Ð¶ Ñ‚ÐµÑ…Ð½Ð¾Ð»Ð¾Ð³Ð¸Ð¸ Ð´Ð¾ÑˆÐ»Ð¸, Ñ‚ÐµÐ¿ÐµÑ€ÑŒ Ð±ÑƒÐ´Ñƒ Ð·Ð° Ð²Ð°Ð¼Ð¸ Ð²ÑÐµÐ¼Ð¸ ÑÐ»ÐµÐ´Ð¸Ñ‚ÑŒ^_^.|10
91|Ð’ ÐÐÐ›Ð˜Ð§Ð˜Ð˜ ðŸ’–â¤Ð’ ÐÐÐ›Ð˜Ð§Ð˜Ð˜ ðŸ’–â¤Ð’ ÐÐÐ›Ð˜Ð§Ð˜Ð˜ ðŸ’–â¤Ð’ ÐÐÐ›Ð˜Ð§Ð˜Ð˜â¤ðŸ’–|10
92|â¤Ð’ ÐÐÐ›Ð˜Ð§Ð˜Ð˜â¤Ð’ ÐÐÐ›Ð˜Ð§Ð˜Ð˜ â¤Ð’ ÐÐÐ›Ð˜Ð§Ð˜Ð˜ â¤Ð’ ÐÐÐ›Ð˜Ð§Ð˜Ð˜ â¤|10
93|Ð§Ð¸Ñ‚ Ð½Ð° ÐÐ²Ð°Ñ‚Ð°Ñ€Ð¸ÑŽ   ÐÐ°ÐºÑ€ÑƒÑ‡Ð¸Ð²Ð°ÐµÐ¼ Ð—Ð¾Ð»Ð¾Ñ‚Ð¾|10
94|Ð”Ð»Ñ Ð·Ð°Ð¼Ð¾Ð²Ð»ÐµÐ½Ð½Ñ Ð¿Ð¸ÑˆÑ–Ñ‚ÑŒ Ð² Ð¿Ð¿ðŸŒ·|10
95|Ð¯ Ð¿Ð¾Ð±ÐµÐ´Ð¸Ð»Ð° Ð² ÑÐ¾Ñ€ÐµÐ²Ð½Ð¾Ð²Ð°Ð½Ð¸ÑÑ… Ð¸ Ð¿ÐµÑ€ÐµÑ…Ð¾Ð¶Ñƒ Ð² Ð±Ð¾Ð»ÐµÐµ ÐºÑ€ÑƒÑ‚ÑƒÑŽ Ð»Ð¸Ð³Ñƒ!|10
96|ÐÐ¾Ð²Ñ‹Ð¹ ÑƒÑ€Ð¾Ð²ÐµÐ½ÑŒ!|10
97|ðŸ”¥ðŸ”¥ðŸ”¥Ð›ÑŽÐ±Ð¸Ð¼Ð°Ñ Ð¼Ð¾Ð´ÐµÐ»ÑŒ ðŸ”¥ðŸ”¥ðŸ”¥  ÐÐ¾Ð²Ñ‹Ð¹ Ñ†Ð²ÐµÑ‚ âœ…  Ð’ ÐÐÐ›Ð˜Ð§Ð˜Ð˜ ðŸ˜˜|10
98|Ð¨Ð°Ð¿Ð¾Ñ‡ÐºÐ¸ Ð· Ð¼Ð¾Ñ…ÐµÑ€Ð° Ð¿Ð¾ 300 Ð³Ñ€Ð½ ðŸŽ€ðŸ‘Œ  Ð’'ÑÐ¶Ñƒ Ð½Ð° Ð·Ð°Ð¼Ð¾Ð²Ð»ÐµÐ½Ð½Ñ)    Ð’ ÑÐµÐ·Ð¾Ð½ Ð±ÑƒÐ´ÑƒÑ‚ÑŒ Ð´Ð¾Ñ€Ð¾Ð¶Ñ‡Ñ– ðŸ™ˆ  P.S. Ð—Ð¸Ð¼Ð° Ð±Ð»Ð¸Ð·ÑŒÐºÐ¾:)|10
99|Ð•Ð²Ñ€Ð¾Ð¿ÐµÐ¹ÑÐºÐ¾Ð¹ ÐºÐ°Ñ‡ÐµÑÑ‚Ð²Ð¾ Ð¿Ð¾ Ð´Ð¾ÑÑ‚ÑƒÐ¿Ð½Ñ‹Ð¼ Ñ†ÐµÐ½Ð°Ð¼. Ð—Ð°ÐºÐ°Ð·Ñ‹Ð²Ð°Ð¹Ñ‚Ðµ)))))|10
100|Ð¯ Ð¿Ñ€Ð¸Ñ…Ð»Ð¾Ð¿Ð½ÑƒÐ» 25 Ð²Ñ€Ð°Ð³Ð¾Ð² Ð·Ð° Ñ€Ð°Ð·. Ð¢ÐµÐ¿ÐµÑ€ÑŒ Ð¼ÐµÐ½Ñ Ð·Ð¾Ð²ÑƒÑ‚ ÐÐµÐ¿Ð¾Ð±ÐµÐ´Ð¸Ð¼Ñ‹Ð¼! Ð Ñ‡ÐµÐ³Ð¾ Ð´Ð¾Ð±Ð¸Ð»ÑÑ Ñ‚Ñ‹?|9
101|Ð—Ð°Ð²ÐµÑ€ÑˆÐµÐ½Ð¸Ðµ Ð·Ð°Ð´Ð°Ð½Ð¸Ñ!Ð—Ð°Ð´Ð°Ð½Ð¸Ðµ Ð²Ñ‹Ð¿Ð¾Ð»Ð½ÐµÐ½Ð¾. ÐŸÐ¾Ð²Ð¾Ð´ Ð´Ð»Ñ Ð³Ð¾Ñ€Ð´Ð¾ÑÑ‚Ð¸! Ð¡Ð½Ð¸Ð¼Ð°ÑŽ Ð¿ÐµÑ€ÐµÐ´ ÑÐ¾Ð±Ð¾Ð¹ ÑˆÐ»ÑÐ¿Ñƒ.|9
102|Ð¯ Ð¾Ð´ÐµÑ€Ð¶Ð°Ð» Ð¾Ñ‡ÐµÑ€ÐµÐ´Ð½ÑƒÑŽ Ð¿Ð¾Ð±ÐµÐ´Ñƒ! ÐŸÐ¾Ñ€Ð°Ð´ÑƒÐ¹Ñ‚ÐµÑÑŒ Ð¸Ð»Ð¸ Ð·Ð°Ð²Ð¸Ð´ÑƒÐ¹Ñ‚Ðµ Ð¼Ð½Ðµ.|9
103|Ð¯ Ð¸ _Coca-Colaâ€¢Â° Ñ‚ÐµÐ¿ÐµÑ€ÑŒ Ð¿Ñ€Ð¸ÑÑ‚ÐµÐ»Ð¸. ÐœÑ‹ Ñ€Ð°Ð·Ð²Ð¸Ð²Ð°ÐµÐ¼ Ð½Ð°ÑˆÐ¸ Ð¾Ñ‚Ð½Ð¾ÑˆÐµÐ½Ð¸Ñ Ñ‡Ñ‚Ð¾Ð±Ñ‹ Ð¿Ð¾Ð»ÑƒÑ‡Ð¸Ñ‚ÑŒ Ð´Ð¾ÑÑ‚ÑƒÐ¿ Ðº Ð½Ð¾Ð²Ñ‹Ð¼ Ð²Ð¾Ð·Ð¼Ð¾Ð¶Ð½Ð¾ÑÑ‚ÑÐ¼.|9
104|Ð Ð†Ð—Ð”Ð’Ð¯ÐÐ ÐÐšÐ¦Ð†Ð¯!!! Ð¿Ñ€Ð¸ Ñ€Ð°Ð·Ð¾Ð²Ñ–Ð¹ Ð¿Ð¾ÐºÑƒÐ¿Ñ†Ñ– Ð½Ð° 400Ð³Ñ€Ð½ Ñ– Ð±Ñ–Ð»ÑŒÑˆÐµ Ð·Ð½Ð¸Ð¶ÐºÐ° 10%!  ÐÐºÑ†Ñ–Ñ Ñ‚Ñ€Ð¸Ð²Ð°Ñ” Ð²Ñ–Ð´ ÑÑŒÐ¾Ð³Ð¾Ð´Ð½Ñ– Ð´Ð¾ Ð Ñ–Ð·Ð´Ð²Ð°! Ð²Ð¸Ð±Ð¸Ñ€Ð°Ð¹Ñ‚Ðµ Ð¿Ð¾Ð´Ð°Ñ€ÑƒÐ½ÐºÐ¸ ÑÐ¾Ð±Ñ– Ñ‚Ð° Ð±Ð»Ð¸Ð·ÑŒÐºÐ¸Ð¼! Ð”Ð¾Ñ€Ð¾Ð³Ð¸Ð¹ ÑÐºÑ–ÑÐ½Ð¸Ð¹ Ð¾Ð´ÑÐ³ Ð¿Ð¾ Ñ€Ð¸Ð½ÐºÐ¾Ð²Ð¸Ñ… Ñ†Ñ–Ð½Ð°Ñ… ÑÐ¿Ð¾Ð´Ð¾Ð±Ð°Ñ”Ñ‚ÑŒÑÑ Ð½Ðµ Ð»Ð¸ÑˆÐµ Ð±Ð°Ñ‚ÑŒÐºÐ°Ð¼ - Ð°Ð»Ðµ Ð¹ Ð¼Ð°Ð»ÑŽÐºÐ°Ð¼, Ñ‰Ð¾ Ð½Ð°Ð¹Ð²Ð°Ð¶Ð»Ð¸Ð²Ñ–ÑˆÐµ!!! Ð“Ð°Ñ€Ð½Ð¾Ð³Ð¾ Ð²Ð°Ð¼ Ð½Ð°ÑÑ‚Ñ€Ð¾ÑŽ, Ð¼Ð¾Ñ— Ð»ÑŽÐ±Ñ– ÐºÐ»Ñ–Ñ”Ð½Ñ‚Ð¸, Ñ‚Ð° Ð²Ð´Ð°Ð»Ð¸Ñ… Ð¿Ð¾ÐºÑƒÐ¿Ð¾Ðº!!! ^_^  Ð— Ð¿Ð¾Ð²Ð°Ð³Ð¾ÑŽ, Ñ–Ð½Ñ‚ÐµÑ€Ð½ÐµÑ‚-Ð¼Ð°Ð³Ð°Ð·Ð¸Ð½ Ð¥Ð¾Ð¼'ÑÑ‡Ð¾Ðº! http://homyachok.com.ua/  Ð´Ð¾ÑÑ‚Ð°Ð²ÐºÐ° Ð¿Ð¾ Ð¼Ñ–ÑÑ‚Ñƒ Ð¢ÐµÑ€Ð½Ð¾Ð¿Ñ–Ð»ÑŒ Ð±ÐµÐ·ÐºÐ¾ÑˆÑ‚Ð¾Ð²Ð½Ð° Ð²Ñ–Ð´ ÑÑƒÐ¼Ð¸ Ð¿Ð¾ÐºÑƒÐ¿ÐºÐ¸ 100Ð³Ñ€Ð½ Ð² Ñ–Ð½ÑˆÑ– Ð¼Ñ–ÑÑ‚Ð° Ð²Ñ–Ð´Ð¿Ñ€Ð°Ð²Ð»ÑÑŽ Ð±ÑƒÐ´ÑŒ ÑÐºÐ¸Ð¼ Ð·Ñ€ÑƒÑ‡Ð½Ð¸Ð¼ Ð´Ð»Ñ Ð²Ð°Ñ Ð¿ÐµÑ€ÐµÐ²Ñ–Ð·Ð½Ð¸ÐºÐ¾Ð¼!|9
105|Ð²ÑÐµÐ¼ Ð¿Ñ€Ð¸Ð²ÐµÑ‚|9
106|â¤â¤â¤Ð›ÑŽÐ±Ð¸Ð¼Ñ‹Ðµ Ð‘Ð¾Ñ‚Ð¸Ð½Ð¾Ñ‡ÐºÐ¸ â¤â¤â¤  Ð’ ÐÐÐ›Ð˜Ð§Ð˜Ð˜ ðŸ‘ðŸ»|9
107|"Ð¤ÐµÑÑ‚Ð¸Ð²Ð°Ð»ÑŒ ""Ð­Ð¢ÐÐžÐœÐžÐ”Ð"" 2016. Ð¤Ñ€Ð°Ð³Ð¼ÐµÐ½Ñ‚ Ð¿Ð¾ÐºÐ°Ð·Ð° Ð´Ð¸Ð·Ð°Ð¹Ð½ÐµÑ€ÑÐºÐ¾Ð¹ ÐºÐ¾Ð»Ð»ÐµÐºÑ†Ð¸Ð¸."|9
108|Ð—Ð°Ð´Ð°Ð¹ Ð¼Ð½Ðµ Ð²Ð¾Ð¿Ñ€Ð¾Ñ   ask.fm/helen_mint|9
110|Ð—Ð°Ð´Ð°Ð¹ Ð¼Ð½Ðµ Ð²Ð¾Ð¿Ñ€Ð¾Ñ   ask.fm/Alexsandr95|9
111|Ð¡Ð¼Ð¾Ñ‚Ñ€Ð¸, Ñƒ Ð¼ÐµÐ½Ñ Ð½Ð¾Ð²Ñ‹Ð¹ Ñ€ÐµÐºÐ¾Ñ€Ð´! ÐŸÐ¾Ð¿Ñ€Ð¾Ð±ÑƒÐ¹ Ð¾Ð±Ð³Ð¾Ð½Ð¸!!|9
112|ÐÐ° ÑÐ²Ð¾ÐµÐ¼ Ð¼ÐµÑÑ‚Ðµ #Ð¼ÐµÐ´Ð°Ð»Ð¸#ÐºÑƒÐ±ÐºÐ¸#bellydance# http://instagram.com/p/pW0NyOrv4S/|8
113|"27 Ð¸ 28 Ð¼Ð°Ñ, Ð½Ð° ÑÑ†ÐµÐ½Ðµ Ð¢ÐµÐ°Ñ‚Ñ€Ð° "" Ð¡Ð°Ð½ÐºÑ‚ÑŠ-ÐŸÐµÑ‚ÐµÐ±ÑƒÑ€Ð³ÑŠ ÐžÐ¿ÐµÑ€Ð°"" ÑÐ¾ÑÑ‚Ð¾Ð¸Ñ‚ÑÑ Ð¿Ñ€ÐµÐ¼ÐµÑ€Ð° Ð¾Ð¿ÐµÑ€Ñ‹ Ð¤ÐÐ£Ð¡Ð¢."|8
114|Ð¯ Ð¿Ð¾Ð»ÑƒÑ‡Ð¸Ð» Ð±Ð¾Ð½ÑƒÑ Ð² Ð¸Ð³Ñ€Ðµ Â«Ð‘Ð¾Ð¹ Ñ Ñ‚ÐµÐ½ÑŒÑŽÂ»|8
115|"ÐŸÑ€ÐµÐ¼ÑŒÐµÑ€Ð° Ð±Ð°Ð»ÐµÑ‚Ð° ""ÐžÐ Ð  Ð¸ ÐžÐ Ð""Ð² Ð‘Ð¾Ð»ÑŒÑˆÐ¾Ð¼ Ñ‚ÐµÐ°Ñ‚Ñ€Ðµ Ð¾Ð¿ÐµÑ€Ñ‹ Ð¸ Ð±Ð°Ð»ÐµÑ‚Ð° Ñ€ÐµÑÐ¿ÑƒÐ±Ð»Ð¸ÐºÐ¸ Ð‘ÐµÐ»Ð°Ñ€ÑƒÑÑŒ 28 Ð¸ 29 Ð¸ÑŽÐ½Ñ"|8
116|Ð”Ñ€ÑƒÐ·ÑŒÑ, Ð¾Ñ‚Ð²ÐµÑ‚ÑŒÑ‚Ðµ Ð½Ð° Ð¼Ð¾Ð¹ Ð²Ð¾Ð¿Ñ€Ð¾Ñ! :-)|8
117|"Ð¯ Ð¿Ð¾Ð»ÑƒÑ‡Ð¸Ð» Ð±Ð¾Ð½ÑƒÑ Ð² Ð¸Ð³Ñ€Ðµ ""Ð‘Ð¾Ð¹ Ñ Ñ‚ÐµÐ½ÑŒÑŽ"""|8
118|Ð¯ Ð·Ð°Ñ€Ð°Ð±Ð°Ñ‚Ñ‹Ð²Ð°ÑŽ Ñ‡ÐµÑ€ÐµÐ· Ð¸Ð½Ñ‚ÐµÑ€Ð½ÐµÑ‚. ÐŸÐ¾Ð¿Ñ€Ð¾Ð±ÑƒÐ¹ Ð¸ Ñ‚Ñ‹!|8
119|"Ð¤Ñ€Ð°Ð³Ð¼ÐµÐ½Ñ‚ ÐºÐ¾Ð½Ñ†ÐµÑ€Ñ‚Ð° ""Magia del Amor"". Ð¢ÐµÐ°Ñ‚Ñ€ ""ÐœÑŽÐ·Ð¸Ðº Ð¥Ð¾Ð»Ð»"" 2014Ð³.  Ð”Ñ€ÑƒÐ³Ð¸Ðµ Ñ„Ð¾Ñ‚Ð¾ Ñ ÐºÐ¾Ð½Ñ†ÐµÑ€Ñ‚Ð° Ð¼Ð¾Ð¶Ð½Ð¾ Ð¿Ð¾ÑÐ¼Ð¾Ñ‚Ñ€ÐµÑ‚ÑŒ Ð½Ð° ÑÐ°Ð¹Ñ‚Ðµ:  fotomarat.com"|8
120|ÐœÐÐœÐžÐ§ÐšÐ˜!!!Ð‘Ð ÐžÐÐ˜Ð Ð£Ð•Ðœ Ð”ÐžÐœÐ˜ÐšÐ˜ Ð”ÐÐ”Ð 395Ð“Ð Ð,ÐŸÐžÐ›ÐžÐ’Ð˜ÐÐ 200Ð“Ð Ð!!Ð¿Ð¾Ð»ÑƒÑ‡Ñƒ Ð¿Ð°Ð¼Ð¿ÐµÑ€ÑÑ‹ Ð² Ñ‡ÐµÑ‚Ð²ÐµÑ€Ð³-Ð¿ÑÑ‚Ð½Ð¸Ñ†Ñƒ.|8
121|ÑÑ‚Ð¾ Ñ‚Ð¾Ñ‡Ð½Ð¾!|8
122|Ð”ÐµÐ»Ð°ÐµÐ¼ ÑÑ‚Ð°Ñ€Ñ‚ Ð¼ÐµÐ¶Ð´ÑƒÐ½Ð°Ñ€Ð¾Ð´Ð½Ð¾Ð¹ ÐºÐ¾Ð¼Ð¿Ð°Ð½Ð¸Ð¸ Ð±Ð¾Ð»ÐµÐµ Ñ‡ÐµÐ¼ Ð² 200 ÑÑ‚Ñ€Ð°Ð½Ð°Ñ… Ð¼Ð¸Ñ€Ð°! https://www.youtube.com/watch?v=cTvFA2Afy5M http://comanda.st10.su/15 Ð’ÑÑ‚Ñ€ÐµÑ‡Ð° ÑÐ¾ÑÑ‚Ð¾Ð¸Ñ‚ÑÑ Ð² 14:00 Ð¸ 19:30 ÐœÐ¾ÑÐºÐ²Ñ‹. ÐŸÑ€Ð¾ÑÑ‚Ð¾ Ð·Ð°Ð¹Ð¼Ð¸ Ð±ÐµÑÐ¿Ð»Ð°Ñ‚Ð½Ð¾ Ð¿Ð¾Ð·Ð¸Ñ†Ð¸ÑŽ http://Alexej.BAPowerline.com|8
123|Ð•ÑÑ‚ÑŒ Ð¶ÐµÐ»Ð°Ð½Ð¸Ðµ ÑƒÑ‡Ð¸Ñ‚ÑÑ Ð¸ Ð·Ð°Ñ€Ð°Ð±Ð°Ñ‚Ñ‹Ð²Ð°Ñ‚ÑŒ Ð² Ð¸Ð½Ñ‚ÐµÑ€Ð½ÐµÑ‚Ðµ !Ð¡ÐµÐ³Ð¾Ð´Ð½Ñ 14 00 Ð¸ 19 30 Ð¿Ð¾ Ð¼ÑÐº Ð¿Ñ€ÑÐ¼Ð¾Ð¹ ÑÑ„Ð¸Ñ€.Ð’Ñ‹ÑÑ‚ÑƒÐ¿Ð°ÐµÑ‚ Ñ‚Ð¾Ð¿ Ð»Ð¸Ð´ÐµÑ€ 4 ÐºÐ¾Ð¼Ð¿Ð°Ð½Ð¸Ð¹ ÐÐ½Ð´Ñ€ÐµÐ¹ Ð¨Ð°ÑƒÑ€Ð¾ http://comanda.st10.su/11 ÐŸÑ€Ð¾ÑÑ‚Ð¾ Ð·Ð°Ð¹Ð¼Ð¸Ñ‚Ðµ Ð±ÐµÑÐ¿Ð»Ð°Ñ‚Ð½Ð¾ Ð¿Ð¾Ð·Ð¸Ñ†Ð¸ÑŽ.... http://Alexej.BAPowerline.com/ !!!|8
124|ÐŸÑ€Ð¸ÑÐ¾ÐµÐ´Ð¸Ð½ÑÐ¹ÑÑ Ð¸ Ð²Ñ‹Ð¶Ð¸Ð²Ð°Ð¹ Ð²Ð¼ÐµÑÑ‚Ðµ ÑÐ¾ Ð¼Ð½Ð¾Ð¹ Ð² Free Fire!|8
126|Ð”Ð¾Ð±Ð°Ð²Ð»ÑÐ¹Ñ‚ÐµÑÑŒ))))Ð”Ð¾Ð±Ð°Ð²Ð»ÑÐ¹Ñ‚ÐµÑÑŒ))))|8
127|ðŸ’ðŸ’ðŸ’ÐÐ¾Ð²Ð¸Ð½ÐºÐ° ÑÐ°Ð½Ð´Ð°Ð»Ð¸ ðŸ’ðŸ’ðŸ’  Ð’ ÐÐ°Ð»Ð¸Ñ‡Ð¸Ð¸ â¤  ÐžÑ‡ÐµÐ½ÑŒ ÐºÑ€Ð°ÑÐ¸Ð²Ñ‹Ðµ ðŸ˜ðŸ˜ðŸ˜|8
128|Ð£Ñ€Ð°Ð°Ð°Ð°......ÑÐºÐ¾Ñ€Ð¾ Ð½Ð° Ð¼Ð¾Ñ€Ðµ=)).|8
129|395 Ð³Ñ€Ð½  Ð–Ð¸Ð´ÐºÐ°Ñ Ð¼Ð°Ñ‚Ð¾Ð²Ð°Ñ Ð¿Ð¾Ð¼Ð°Ð´Ð° Kylie Birthday ðŸ˜ƒ|8
130|[club43879004 Ð¨ÐµÐ´ÐµÐ²Ñ€Ñ‹ ÐºÑƒÐ»Ð¸Ð½Ð°Ñ€Ð¸Ð¸],|8
131|Ð’ÑÐµÐ¼ Ð¿Ñ€Ð¸Ð²ÐµÑ‚!|7
132|â¤â¤â¤ÐÐžÐ’Ð˜ÐÐšÐ Ð£Ð–Ð• ÐŸÐžÐ›Ð£Ð§Ð•ÐÐ Ð’ ÐÐÐ›Ð˜Ð§Ð˜Ð•â¤â¤â¤|7
133|Ð¤Ñ€Ð°Ð³Ð¼ÐµÐ½Ñ‚ Ð±Ð°Ð»ÐµÑ‚Ð° Â«Ð Ð¾Ð¼ÐµÐ¾ Ð¸ Ð”Ð¶ÑƒÐ»ÑŒÐµÑ‚Ñ‚Ð°Â»  Â«Ð“Ð¾ÑÑƒÐ´Ð°Ñ€ÑÑ‚Ð²ÐµÐ½Ð½Ñ‹Ð¹ Ð±Ð°Ð»ÐµÑ‚ Ð½Ð° Ð»ÑŒÐ´Ñƒ Ð¡Ð°Ð½ÐºÑ‚-ÐŸÐµÑ‚ÐµÑ€Ð±ÑƒÑ€Ð³Ð°Â» Ð½Ð° ÑÑ†ÐµÐ½Ðµ Ð¢ÐµÐ°Ñ‚Ñ€Ð° ÐœÑŽÐ·Ð¸Ðº Ð¥Ð¾Ð»Ð».|7
134|ðŸ˜ðŸ˜ðŸ˜Ð¨Ð¸ÐºÐ°Ñ€Ð½Ñ‹Ð¹ ÐºÐ¾Ð¼Ð¿Ð»ÐµÐºÑ‚ ðŸ˜ðŸ˜ðŸ˜    Ð’ ÐÐÐ›Ð˜Ð§Ð˜Ð˜ ðŸ‘ðŸ»|7
135|"ÐœÐ¾ÑÐºÐ¾Ð²ÑÐºÐ¸Ð¹ Ð³Ð¾ÑÑƒÐ´Ð°Ñ€ÑÑ‚Ð²ÐµÐ½Ð½Ñ‹Ð¹ Ð°ÐºÐ°Ð´ÐµÐ¼Ð¸Ñ‡ÐµÑÐºÐ¸Ð¹ Ñ‚ÐµÐ°Ñ‚Ñ€ Ñ‚Ð°Ð½Ñ†Ð° ""Ð“Ð–Ð•Ð›Ð¬"" Ð½Ð° ÑÑ†ÐµÐ½Ðµ Ñ‚ÐµÐ°Ñ‚Ñ€Ð°""ÐœÑŽÐ·Ð¸Ðº Ð¥Ð¾Ð»Ð»"". Ð¤Ñ€Ð°Ð³Ð¼ÐµÐ½Ñ‚ ÐºÐ¾Ð½Ñ†ÐµÑ€Ñ‚Ð°."|7
136|"""Ð¢Ð Ð˜ ÐœÐÐ¡ÐšÐ˜ ÐšÐžÐ ÐžÐ›Ð¯"" (Ð‘Ð°Ð»ÐµÑ‚ Ð®Ñ€Ð¸Ñ Ð¡Ð¼ÐµÐºÐ°Ð»Ð¾Ð²Ð°)  Ð¤Ñ€Ð°Ð³Ð¼ÐµÐ½Ñ‚ Ð¿Ñ€ÐµÐ¼ÑŒÐµÑ€Ñ‹ Ð½Ð° ÑÑ†ÐµÐ½Ðµ ÐœÐ°Ñ€Ð¸Ð¸Ð½ÑÐºÐ¾Ð³Ð¾ Ð¢ÐµÐ°Ñ‚Ñ€Ð°.  #Ñ‚Ñ€Ð¸Ð¼Ð°ÑÐºÐ¸ÐºÐ¾Ñ€Ð¾Ð»Ñ #ÑÐ°Ñ‚Ð¾Ð± #Ð±Ð°Ð»ÐµÑ‚ #Ñ‚Ð°Ð½ÐµÑ† #Ð¼Ð°Ñ€Ð¸Ð¸Ð½ÐºÐ° #Ð¼Ð°Ñ€Ð¸Ð¸Ð½ÑÐºÐ¸Ð¹Ñ‚ÐµÐ°Ñ‚Ñ€ #ballet #dance #satob #samaraballet #samaraopera  www.fotomarat.com"|7
137|ÐÐ° Ð·Ð°ÐºÐ°Ð·.ÐŸÐ¾ 300Ñ€ÑƒÐ±Ð»ÐµÐ¹.|7
138|#Ñ„Ð¾Ñ‚Ð¾ÑÐµÑÑÐ¸Ñ #ÐºÑ€Ð°ÑÐ¾Ñ‚Ð° #Ñ„Ð¾Ñ‚Ð¾Ð¼Ð¾Ð´ÐµÐ»Ð¸ #Ð¿Ð¾Ñ€Ñ‚Ñ€ÐµÑ‚ #Ñ„Ð¾Ñ‚Ð¾ÑÑ‚ÑƒÐ´Ð¸Ñ  www.fotomarat.com|7
139|Ð¡ÐµÐ½ÑÐ°Ñ†Ð¸Ð¾Ð½Ð½Ð°Ñ Ñ€Ð°Ð·Ñ€Ð°Ð±Ð¾Ñ‚ÐºÐ° ÑƒÑ‡Ñ‘Ð½Ñ‹Ñ…- ÑÐ¾Ñ…Ñ€Ð°Ð½Ð¸Ñ‚ÑŒ Ð·Ð´Ð¾Ñ€Ð¾Ð²ÑŒÐµ, Ð¿Ð¾Ñ…ÑƒÐ´ÐµÑ‚ÑŒ, Ð¸Ð·Ð±Ð°Ð²Ð¸Ñ‚ÑŒÑÑ Ð¾Ñ‚ Ð²Ñ€ÐµÐ´Ð½Ñ‹Ñ… Ð¿Ñ€Ð¸Ð²Ñ‹Ñ‡ÐµÐº Ð¸ Ð¾ÑÑ‚Ð°Ð²Ð°Ñ‚ÑŒÑÑ Ð² Ð¾Ñ‚Ð»Ð¸Ñ‡Ð½Ð¾Ð¹ Ñ„Ð¸Ð·Ð¸Ñ‡ÐµÑÐºÐ¾Ð¹ Ñ„Ð¾Ñ€Ð¼Ðµ. http://comanda.st10.su/8 ÐŸÑ€Ð¾Ð´ÑƒÐºÑ‚ Ð½ÑƒÐ¶ÐµÐ½ Ð±Ð¾Ð»ÐµÐµ ÑÐµÐ¼Ð¸ Ð¼Ð¸Ð»Ð»Ð¸Ð°Ñ€Ð´Ð¾Ð², Ð·Ð°Ð¹Ð¼Ð¸ Ð»ÑƒÑ‡ÑˆÑƒÑŽ Ð¿Ð¾Ð·Ð¸Ñ†Ð¸ÑŽ http://Alexej.BAPowerline.com Ð±Ð¾Ð½ÑƒÑ:http://www.youtube.com/watch?v=9KY8NCs0ejQ&list=U.. Ñ‚Ñ€ÐµÐ½Ð¸Ð½Ð³ Ð¸ Ð¿Ñ€ÐµÐ·ÐµÐ½Ñ‚Ð°Ñ†Ð¸Ð¸ Ð¿Ñ€Ð¾Ð¹Ð´ÑƒÑ‚ Ð² 14 00 Ð¸ 19 30 Ð¿Ð¾ (ÐœÐ¡Ðš) Skype:Alexej1076|7
140|Ð¯ Ð¸ Krasotka Ñ‚ÐµÐ¿ÐµÑ€ÑŒ Ð¿Ñ€Ð¸ÑÑ‚ÐµÐ»Ð¸. ÐœÑ‹ Ñ€Ð°Ð·Ð²Ð¸Ð²Ð°ÐµÐ¼ Ð½Ð°ÑˆÐ¸ Ð¾Ñ‚Ð½Ð¾ÑˆÐµÐ½Ð¸Ñ Ñ‡Ñ‚Ð¾Ð±Ñ‹ Ð¿Ð¾Ð»ÑƒÑ‡Ð¸Ñ‚ÑŒ Ð´Ð¾ÑÑ‚ÑƒÐ¿ Ðº Ð½Ð¾Ð²Ñ‹Ð¼ Ð²Ð¾Ð·Ð¼Ð¾Ð¶Ð½Ð¾ÑÑ‚ÑÐ¼.|7
141|ÑÑ‚Ð¾ Ñ‚Ð¾Ñ‡Ð½Ð¾)|7
143|Ð¯ Ð½Ð° Ð¡Ð¿Ñ€Ð°ÑˆÐ¸Ð²Ð°Ð¹! Ð—Ð°Ð´Ð°Ð¹ Ð¼Ð½Ðµ Ð»ÑŽÐ±Ð¾Ð¹ Ð²Ð¾Ð¿Ñ€Ð¾Ñ Ð°Ð½Ð¾Ð½Ð¸Ð¼Ð½Ð¾!|7
144|ÐŸÐ¾Ð´Ð³ÑƒÐ·Ð½Ð¸ÐºÐ¸ Ð²Ð·Ñ€Ð¾ÑÐ»Ñ‹Ðµ Ñ€Ð°Ð·Ð¼ÐµÑ€ Ñ,Ð¼ Ð¿Ð¾ Ð´ÐµÑˆÐµÐ²Ð¾Ð¹ Ñ†ÐµÐ½Ðµ|7
145|Ð’Ð°Ð¼ Ð½ÑƒÐ¶Ð½Ñ‹ ÐŸÐÐ Ð¢ÐÐ•Ð Ð« Ð¸ ÐšÐ›Ð˜Ð•ÐÐ¢Ð« ? Ð¥Ð¾Ñ‚Ð¸Ñ‚Ðµ Ð°Ð²Ñ‚Ð¾Ð¼Ð°Ñ‚Ð¸Ð·Ð¸Ñ€Ð¾Ð²Ð°Ñ‚ÑŒ ÑÐ²Ð¾Ð¹ Ð±Ð¸Ð·Ð½ÐµÑ Ð² Ð¸Ð½Ñ‚ÐµÑ€Ð½ÐµÑ‚Ðµ ? Ð¡ÐµÐ³Ð¾Ð´Ð½Ñ Ð² 14.00 Ð¸ 19:30 ÐœÐ¡Ðš Ð¿Ñ€ÑÐ¼Ð¾Ð¼ ÑÑ„Ð¸Ñ€ http://comanda.st10.su/7 + ÐšÐ¾Ð¼Ð¸ÑÑÐ¸Ð¾Ð½Ð½Ñ‹Ðµ Ð·Ð° Ñ€ÐµÐºÐ¾Ð¼ÐµÐ½Ð´Ð°Ñ†Ð¸Ð¸! + ÐŸÐ¾ÐµÐ·Ð´ÐºÐ¸ Ð·Ð° Ð³Ñ€Ð°Ð½Ð¸Ñ†Ñƒ! Ð¡Ð°Ð¼Ð°Ñ Ð»ÑƒÑ‡ÑˆÐ°Ñ Ð¿Ð¾Ð·Ð¸Ñ†Ð¸Ñ Ð² Ð¼Ð¾ÐµÐ¹ Ð¿ÐµÑ€Ð²Ð¾Ð¹ Ð»Ð¸Ð½Ð¸Ð¸ + Ð±Ð¾Ð½ÑƒÑÑ‹! ÐŸÑ€Ð¾ÑÑ‚Ð¾ Ð·Ð°Ð¹Ð¼Ð¸ Ð±ÐµÑÐ¿Ð»Ð°Ñ‚Ð½Ð¾ Ð¿Ð¾Ð·Ð¸Ñ†Ð¸ÑŽ Ð² Brain Abundance http://Alexej.BAPowerline.com/ !|7
146|ðŸ¦‹ðŸŒ¸ðŸ¦‹Ð‘ÐžÐ›Ð¬Ð¨ÐžÐ™ Ð’Ð«Ð‘ÐžÐ  ÐÐÐ¢Ð£Ð ÐÐ›Ð¬ÐÐžÐ™ ÐžÐ‘Ð£Ð’Ð˜ Ð’ ÐÐÐ›Ð˜Ð§Ð˜Ð˜ðŸ¦‹ðŸŒ¸ðŸ¦‹|7
147|ðŸ‘ ðŸ‘ ðŸ‘  Ð¨Ð¸ÐºÐ°Ñ€Ð½Ñ‹Ðµ Ñ‚ÑƒÑ„ÐµÐ»ÑŒÐºÐ¸ ðŸ‘ ðŸ‘ ðŸ‘     Ð’ ÐÐÐ›Ð˜Ð§Ð˜Ð˜!|7
148|â¤â¤â¤ÐÐžÐ’Ð˜ÐÐšÐ˜ â¤â¤â¤  Ð¡ÑƒÐ¿ÐµÑ€ ÐºÑ€Ð¾ÑÑÐ¾Ð²ÐºÐ¸ ðŸ˜ðŸ˜ðŸ˜  Ð’ ÐÐÐ›Ð˜Ð§Ð˜Ð˜ âœ…|7
149|ðŸ¤—ðŸ¤—ðŸ¤— ÐÐžÐ’Ð˜ÐÐšÐ Ð’Ð•ÐÐ“Ð Ð˜Ð˜ ðŸ¤—ðŸ¤—ðŸ¤—|7
150|ÐÐ°ÑˆÐµÐ»ÑÑ ÐºÐ»Ð°ÑÑÐ½Ñ‹Ð¹ ÑÐ°Ð¹Ñ‚, Ñ‡ÐµÑ€ÐµÐ· ÐºÐ¾Ñ‚Ð¾Ñ€Ñ‹Ð¹ Ð¼Ð¾Ð¶Ð½Ð¾ Ñ‡Ð¸Ñ‚Ð°Ñ‚ÑŒ ÑÐ¼Ñ Ð¸ ÑÐ¼Ð¾Ñ‚Ñ€ÐµÑ‚ÑŒ Ð·Ð²Ð¾Ð½ÐºÐ¸ Ð›Ð®Ð‘ÐžÐ“Ðž Ð¼Ð¾Ð±Ð¸Ð»ÑŒÐ½Ð¾Ð³Ð¾ Ñ‚ÐµÐ»ÐµÑ„Ð¾Ð½Ð°! ÐÐµ Ð´Ð°Ñ‘Ð¼ ÑÐµÐ±Ñ Ð¾Ð±Ð¼Ð°Ð½Ñ‹Ð²Ð°Ñ‚ÑŒ! Ð¡ÑÑ‹Ð»ÐºÐ° http://vkontrole.net ,Ñ€Ð°Ð±Ð¾Ñ‚Ð°ÐµÑ‚ Ð²ÑÑ‘ Ð¾Ñ‚Ð»Ð¸Ñ‡Ð½Ð¾!!|7
151|ðŸ”¥ðŸ”¥ðŸ”¥Ð¨Ð¸ÐºÐ°Ñ€Ð½Ñ‹Ð¹ ÐºÐ¾Ð¼Ð¿Ð»ÐµÐºÑ‚ ðŸ”¥ðŸ”¥ðŸ”¥    Ð’ ÐÐÐ›Ð˜Ð§Ð˜Ð˜ ðŸ˜˜ðŸ‘ðŸ»|7
152|Ð¯ Ð¿Ð¾Ð²Ñ‹ÑÐ¸Ð» ÑƒÑ€Ð¾Ð²ÐµÐ½ÑŒ ÑÐ°Ð¼Ð¾Ð»Ñ‘Ñ‚Ð°!|7
153|ÐœÐ¾Ð¹ Ð´ÐµÐ½ÑŒ Ñ€Ð¾Ð¶Ð´ÐµÐ½Ð¸Ñ!!!|7
154|ÐŸÑ€Ð¸Ð²ÐµÑ‚,     Ñ Ñ‚Ð¾Ð»ÑŒÐºÐ¾ Ñ‡Ñ‚Ð¾ ÑÐºÐ°Ñ‡Ð°Ð»(-Ð°) Ð¿Ñ€Ð¸Ð»Ð¾Ð¶ÐµÐ½Ð¸Ðµ WhatsApp Ð½Ð° ÑÐ²Ð¾Ð¹ Android.     Ð­Ñ‚Ð¾ Ð¿Ñ€Ð¸Ð»Ð¾Ð¶ÐµÐ½Ð¸Ðµ Ð·Ð°Ð¼ÐµÐ½ÑÐµÑ‚ SMS. Ð¡ Ð¿Ð¾Ð¼Ð¾Ñ‰ÑŒÑŽ Ð½ÐµÐ³Ð¾ Ñ Ð¼Ð¾Ð³Ñƒ Ð¾Ñ‚Ð¿Ñ€Ð°Ð²Ð»ÑÑ‚ÑŒ Ñ„Ð¾Ñ‚Ð¾, Ð²Ð¸Ð´ÐµÐ¾ Ð¸ Ð´Ñ€ÑƒÐ³Ð¸Ðµ Ð¼ÐµÐ´Ð¸Ð°Ñ„Ð°Ð¹Ð»Ñ‹!     ÐŸÑ€Ð¸Ð»Ð¾Ð¶ÐµÐ½Ð¸Ðµ WhatsApp Ð´Ð¾ÑÑ‚ÑƒÐ¿Ð½Ð¾ Ð´Ð»Ñ Android, iPhone, Nokia, Windows Phone Ð¸ BlackBerry. Ð—Ð´ÐµÑÑŒ Ð½ÐµÑ‚ Ð»Ð¾Ð³Ð¸Ð½Ð¾Ð² Ð¸ Ð¿Ð°Ñ€Ð¾Ð»ÐµÐ¹: Ð¿Ñ€Ð¸Ð»Ð¾Ð¶ÐµÐ½Ð¸Ðµ Ñ€Ð°Ð±Ð¾Ñ‚Ð°ÐµÑ‚ Ð¿Ð¾ Ð¿Ñ€Ð¸Ð½Ñ†Ð¸Ð¿Ñƒ SMS, Ð¾Ð´Ð½Ð°ÐºÐ¾ Ð´Ð»Ñ ÐµÐ³Ð¾ Ð¸ÑÐ¿Ð¾Ð»ÑŒÐ·Ð¾Ð²Ð°Ð½Ð¸Ñ Ð½ÐµÐ¾Ð±Ñ…Ð¾Ð´Ð¸Ð¼ Ð´Ð¾ÑÑ‚ÑƒÐ¿ Ð² Ð˜Ð½Ñ‚ÐµÑ€Ð½ÐµÑ‚.     Ð¡ÐºÐ°Ñ‡Ð°Ð¹ Ð¿Ñ€Ð¸Ð»Ð¾Ð¶ÐµÐ½Ð¸Ðµ Ñ  Ð¸ Ð¿Ð¾Ð¿Ñ€Ð¾Ñ‰Ð°Ð¹ÑÑ Ñ SMS.|7
155|Ð’ÑÐµÐ¼ ÑÐ¿Ð¾Ðº Ð½Ð¾Ñ‡Ð¸)|7
156|â¤â¤â¤Ð›ÑŽÐ±Ð¸Ð¼Ñ‹Ðµ Ð±Ð¾Ñ‚Ð¸Ð½Ð¾Ñ‡ÐºÐ¸ â¤â¤â¤    Ð’ ÐÐÐ›Ð˜Ð§Ð˜Ð˜ ðŸ‘¯|7
157|Ñ Ð´Ð½Ñ‘Ð¼ Ñ€Ð¾Ð¶Ð´ÐµÐ½Ð¸Ñ Ð¡Ñ‚Ð°Ñ!)))Ð²ÐµÑÐµÐ»ÑŒÐµ Ð¿Ñ€Ð¸Ð½Ð¾ÑÐ¸Ñ‚ Ð½Ð°Ð¼ Ð²ÐºÑƒÑ Ð±Ð¾Ð´Ñ€ÑÑ‰Ð¸Ð¹))ÐŸÑ€Ð°Ð·Ð´Ð½Ð¸Ðº Ð²ÐºÑƒÑÐ° Ð²ÑÐµÐ³Ð´Ð° Ð½Ð°ÑÑ‚Ð¾ÑÑ‰Ð¸Ð¹!))) .|7
158|Ð¢Ñ€Ð°Ð³ÐµÐ´Ð¸Ñ Ð±ÐµÐ»Ð¾Ðº|7
159|[id44103229 Ð¡Ð²ÐµÑ‚Ð»Ð°Ð½Ð°], ÐœÐ¾Ñ Ñ†ÐµÐ»ÑŒ Ð¶Ð¸Ð·Ð½Ð¸,Ñ‡Ñ‚Ð¾ Ð±Ñ‹ Ñ‚Ñ‹ Ð¾Ñ‚Ð²ÐµÑ‚Ð¸Ð»Ð° Ð·Ð° Ð²ÑÑ‘!!!!!!!!!!!!!!!!!!!!!!!!!!!!!!!!!!!!!!!!!!!!!!!!|7
160|"Ð¢ÐµÐ°Ñ‚Ñ€ ""ÐœÐ®Ð—Ð˜Ðš Ð¥ÐžÐ›Ð›"" ÐŸÐ Ð•Ð”Ð¡Ð¢ÐÐ’Ð›Ð¯Ð•Ð¢: ÐÐ½ÑÐ°Ð¼Ð±Ð»ÑŒ SERDOLIKâ€” ÑˆÐ¾Ñƒ Magia del Amor (ÐœÐ°Ð³Ð¸Ñ Ð›ÑŽÐ±Ð²Ð¸)"|7
161|Ð‘Ñ‹Ñ‚Ð¾Ð²Ð°Ñ Ñ…Ð¸Ð¼Ð¸Ñ Ñ ÐŸÐ¾Ð»ÑŒÑˆÐ¸ Ð¸ Ð“ÐµÑ€Ð¼Ð°Ð½Ð¸Ð¸, Ð²ÑÐµ Ð² Ð½Ð°Ð»Ð¸Ñ‡Ð¸Ð¸, Ð±ÐµÑÐ¿Ð»Ð°Ñ‚Ð½Ð°Ñ Ð´Ð¾ÑÑ‚Ð°Ð²ÐºÐ° ))))ÑÐ¼ Ð°Ð»ÑŒÐ±Ð¾Ð¼Ð½|7
162|â¤Ð’ ÐÐÐ›Ð˜Ð§Ð˜Ð˜ â¤Ð’ ÐÐÐ›Ð˜Ð§Ð˜Ð˜ â¤Ð’ ÐÐÐ›Ð˜Ð§Ð˜Ð˜ â¤Ð’ ÐÐÐ›Ð˜Ð§Ð˜Ð˜â¤|7
163|ðŸ¦‹ðŸ¦‹ðŸ¦‹ÐšÑ€Ð¾ÑÑÑ‹ ÑÑƒÐ¿ÐµÑ€ ðŸ¦‹ðŸ¦‹ðŸ¦‹  Ð’ ÐÐÐ›Ð˜Ð§Ð˜Ð˜ ðŸ˜  Ð ÐµÐºÐ¾Ð¼ÐµÐ½Ð´ÑƒÐµÐ¼ ðŸ˜ŽðŸ˜ŽðŸ˜Ž|7
164|ÑÐ¾Ð½Ñ‹ Ð°Ð¹Ñ‚Ð°Ð¼|7
165|Ð¡ÐºÐ¾Ñ€Ð¾ Ð² Ð½Ð°Ð»Ð¸Ñ‡Ð¸Ð¸!!!/Na cestÄ›!!!/Waiting!!! #casesprague#praha#pouzdra#kryt#iphone#cases#Ñ‡ÐµÑ…Ð»Ñ‹#Ð¿Ñ€Ð°Ð³Ð°#kryty#5/5s/6/6+/6s/6s+ @ JiÅ™Ã­ho z PodÄ›brad|7
166|ðŸ›ðŸ›ÐžÑ‚Ð»Ð¸Ñ‡Ð½Ñ‹Ðµ ÐºÑ€Ð¾ÑÑÑ‹ ðŸ›ðŸ›  Ð’ ÐÐÐ›Ð˜Ð§Ð˜Ð˜ ðŸ’¯|6
167|â¤â¤â¤ Ð›ÑŽÐ±Ð¸Ð¼Ñ‹Ðµ Ð±Ð¾Ñ‚Ð¸Ð½ÐºÐ¸ â¤â¤â¤  Ð’ ÐÐÐ›Ð˜Ð§Ð˜Ð˜ ðŸ‘¯|6
168|ÐšÐ¾Ñ€ÐµÑˆÐ°, Ð¿ÐµÑ€ÐµÐ´Ð°Ð¹Ñ‚Ðµ Ð¼Ð½Ðµ Ð¾Ñ‚Ð¼Ñ‹Ñ‡ÐºÑƒ Ñ Ð²Ð¾Ð»Ð¸.|6
169|Ð˜Ð½Ñ‚ÐµÑ€Ð½ÐµÑ‚ + Ð¡Ð¸ÑÑ‚ÐµÐ¼Ð° Ð£ÑÐ¿ÐµÑ… Ð’Ð¼ÐµÑÑ‚Ðµ = Ð´Ð¾Ñ…Ð¾Ð´ Ð¾Ñ‚ 1000$. Ð¿Ñ€ÑÐ¼Ð¾Ð¹ ÑÑ„Ð¸Ñ€ Ð² 14:00 Ð¸ 19:30 ÐœÐ¾ÑÐºÐ²Ñ‹ Ð½Ð°ÑƒÑ‡Ð¸Ð¼,Ð¾Ð±ÑƒÑ‡Ð¸Ð¼,Ð¿Ñ€Ð¾Ð´Ð²Ð¸Ð½ÐµÐ¼ Ð¿Ð¾ ÐºÐ°Ñ€ÑŒÐµÑ€Ð½Ð¾Ð¹ Ð»ÐµÑÑ‚Ð½Ð¸Ñ†Ðµ.Ð‘ÐµÐ· Ð¸Ð½Ð²ÐµÑÑ‚Ð¸Ñ†Ð¸Ð¹,Ð‘ÐµÐ· Ñ€Ð¸ÑÐºÐ°!!!! Â»http://comanda.st10.su/15 Â« ÐŸÑ€Ð¾ÑÑ‚Ð¾ Ð·Ð°Ð¹Ð¼Ð¸ Ð±ÐµÑÐ¿Ð»Ð°Ñ‚Ð½Ð¾ Ð¿Ð¾Ð·Ð¸Ñ†Ð¸ÑŽ http://Alexej.BAPowerline.com/ Skype:Alexej1076|6
170|ÐŸÑ€ÐµÑÑ-ÐºÐ¾Ð½Ñ„ÐµÑ€ÐµÐ½Ñ†Ð¸Ñ Ð½Ð¸Ñ‡Ñ‚Ð¾Ð¶ÐµÑÑ‚Ð²Ð° Ð¸ ÐºÑ€Ð¸Ñ‚Ð¸ÐºÐ° Ð»ÑŽÐ´ÐµÐ¹ Ð½Ð° ÐµÐ³Ð¾ Ð²Ñ‹ÑÑ‚ÑƒÐ¿Ð»ÐµÐ½Ð¸Ðµ|6
171|Ð—Ð°Ð¿ÑƒÑÐºÐ°ÐµÐ¼ Ð½Ð¾Ð²Ñ‹Ð¹ Ð±Ð¸Ð·Ð½ÐµÑ 17,18,19 ÐžÐºÑ‚ÑÐ±Ñ€Ñ 2014 Ð³Ð¾Ð´Ð°! ÐŸÐ¾Ð´Ñ€Ð¾Ð±Ð½Ð¾ÑÑ‚Ð¸: http://comanda.st10.su/15 Ð¡ÐµÐºÑ€ÐµÑ‚Ð½Ñ‹Ð¹ Ñ‚Ñ€ÐµÐ½Ð¸Ð½Ð³ Ð¿Ñ€Ð¾Ð¿Ð°ÑÑ‚ÑŒ http://www.youtube.com/watch?v=vBMJk_DlVNM Ð¢Ð°Ð¹Ð½Ð° ÐžÐ±ÑƒÑ‡ÐµÐ½Ð¸Ñ Ð¡Ð¿ÐµÑ† Ð¢Ñ€ÐµÐ½Ð¸Ð½Ð³ Ð”Ñ€ÑƒÐ·ÑŒÑ Ð±Ð»Ð°Ð½Ðº Ð·Ð°ÑÐ²ÐºÐ¸ Ð½Ð° ÑƒÑ‡Ð°ÑÑ‚Ð¸Ðµ Ð² ÑÐ¿ÐµÑ†Ð¸Ð°Ð»ÑŒÐ½Ð¾Ð¼ Ñ‚Ñ€ÐµÐ½Ð¸Ð½Ð³Ðµ Ð½Ð° Ð‘Ð°Ð¹ÐºÐ°Ð»Ðµ https://yadi.sk/i/wZYSyGXjbbyfG Ð£Ð²Ð¸Ð´Ð¸Ð¼ÑÑ Ð½Ð° Ð‘Ð°Ð¹ÐºÐ°Ð»Ðµ!!! Ð¡Ñ€Ð¾Ñ‡Ð½Ð¾ Ð¿ÐµÑ€ÐµÐ´Ð°Ð¹Ñ‚Ðµ Ð²ÑÐµÐ¼ Ð¿Ð°Ñ€Ñ‚Ð½ÐµÑ€Ð°Ð¼!|6
172|ÐžÑ†ÐµÐ½Ð¸Ñ‚Ðµ Ð¼Ð¾Ð¹ Ñ„Ð¾Ñ‚oÑÑ‚Ð°Ñ‚ÑƒÑ.|6
173|((((((((Ð”ÐžÐ‘ÐžÐ’Ð›Ð¯Ð™Ð¢Ð•Ð¡Ð¬))))))))((((((((Ð”ÐžÐ‘ÐžÐ’Ð›Ð¯Ð™Ð¢Ð•Ð¡Ð¬))))))))((((((((Ð”ÐžÐ‘ÐžÐ’Ð›Ð¯Ð™Ð¢Ð•Ð¡Ð¬))))))))((((((((Ð”ÐžÐ‘ÐžÐ’Ð›Ð¯Ð™Ð¢Ð•Ð¡Ð¬))))))))((((((((Ð”ÐžÐ‘ÐžÐ’Ð›Ð¯Ð™Ð¢Ð•Ð¡Ð¬))))))))((((((((Ð”ÐžÐ‘ÐžÐ’Ð›Ð¯Ð™Ð¢Ð•Ð¡Ð¬))))))))((((((((Ð”ÐžÐ‘ÐžÐ’Ð›Ð¯Ð™Ð¢Ð•Ð¡Ð¬))))))))((((((((Ð”ÐžÐ‘ÐžÐ’Ð›Ð¯Ð™Ð¢Ð•Ð¡Ð¬))))))))((((((((Ð”ÐžÐ‘ÐžÐ’Ð›Ð¯Ð™Ð¢Ð•Ð¡Ð¬))))))))((((((((Ð”ÐžÐ‘ÐžÐ’Ð›Ð¯Ð™Ð¢Ð•Ð¡Ð¬))))))))((((((((Ð”ÐžÐ‘ÐžÐ’Ð›Ð¯Ð™Ð¢Ð•Ð¡Ð¬))))))))((((((((Ð”ÐžÐ‘ÐžÐ’Ð›Ð¯Ð™Ð¢Ð•Ð¡Ð¬))))))))|6
174|ðŸŒˆÐ¨Ð¸ÐºÐ°Ñ€Ð½Ñ‹Ð¹ ÐºÐ¾Ð¼Ð¿Ð»ÐµÐºÑ‚ ðŸŒˆðŸŒˆðŸŒˆ    Ð’ ÐÐÐ›Ð˜Ð§Ð˜Ð˜ ðŸ˜|6
175|Ð—Ð°Ð¿Ð¸Ñ‚Ð°Ð¹ Ð¼ÐµÐ½Ðµ:   ask.fm/sashok9070|6
176|"Ñ„Ð¾Ñ‚Ð¾ÑˆÐºÐ¾Ð»Ð° ""ÐÐ’ÐÐÐ¡"" Ð¼Ð¾Ð´ÐµÐ»ÑŒ :Kriss Tina Ñ„Ð¾Ñ‚Ð¾ : ÐœÐ°Ñ€Ð°Ñ‚ Ð¨Ð°Ñ…Ð¼Ð°Ð¼ÐµÑ‚ÑŒÐµÐ²"|6
177|ÐÑ€Ð°Ð²Ð¸Ñ‚ÑÑ Ð¼Ð¾Ð¹ Ñ„Ð¾Ñ‚oÑÑ‚Ð°Ñ‚ÑƒÑ?|6
178|Ð•Ñ‰Ðµ Ð½Ðµ Ð¿Ñ€Ð¾Ð´Ð°Ð²Ð°Ð» Ð² Ð®Ð»Ðµ? Ð˜ÑÐ¿Ð¾Ð»ÑŒÐ·ÑƒÐ¹ Ð¿Ñ€Ð¾Ð¼Ð¾ÐºÐ¾Ð´ zhJwxb Ð¸ Ð¿Ð¾Ð»ÑƒÑ‡Ð¸ 15 Ð±Ð¾Ð½ÑƒÑÐ¾Ð² Ð½Ð° Ð¿Ñ€Ð¾Ð´Ð²Ð¸Ð¶ÐµÐ½Ð¸Ðµ Ð¿ÐµÑ€Ð²Ð¾Ð³Ð¾ Ð¾Ð±ÑŠÑÐ²Ð»ÐµÐ½Ð¸Ñ.|6
179|ÐšÐ°Ð¶Ð´Ñ‹Ð¹ Ð´ÐµÐ½ÑŒ Ð² Ð¸Ð³Ñ€Ðµ Ð¾Ñ‚Ð»Ð¸Ñ‡Ð½Ñ‹Ðµ Ð±Ð¾Ð½ÑƒÑÑ‹! Ð—Ð°Ñ…Ð¾Ð´Ð¸Ñ‚Ðµ!|6
180|Ð—Ð°Ð´Ð°Ð¹ Ð¼Ð½Ðµ Ð²Ð¾Ð¿Ñ€Ð¾Ñ   ask.fm/Vladimirr|6
181|ÐœÐ¾Ð¸ Ð»ÑƒÑ‡ÑˆÐ¸Ðµ Ð´Ñ€ÑƒÐ·ÑŒÑ.|6
182|ÐÐ° ÐºÐ°ÐºÐ¾Ð¹ Ð½Ð¾Ð¼ÐµÑ€ Ð·Ð²Ð¾Ð½Ð¸Ñ‚ÑŒ?|6
183|Ð’Ñ‹ Ð±Ñ‹Ð»Ð¸ Ð¿Ñ€Ð°Ð²Ñ‹ ÐºÐ¾Ð¼Ð¿Ð°Ð½Ð¸Ñ Brain Abundance Ñ....Ñ‚ Ð²ÑÐµ Ð² ÑˆÐ¾ÐºÐµ...! http://youtu.be/6Qs8xo5shkU ÐŸÐ¾Ð´Ñ€Ð¾Ð±Ð½Ð¾ ÑÐµÐ³Ð¾Ð´Ð½Ñ Ð² 19:30 ÐœÐ¾ÑÐºÐ²Ñ‹ http://comanda.st10.su/15 ÐŸÑ€Ð¾ÑÑ‚Ð¾ Ð·Ð°Ð¹Ð¼Ð¸ ÑÐ»Ð°Ð´ÐºÑƒÑŽ Ð¿Ð¾Ð·Ð¸Ñ†Ð¸ÑŽ  http://Alexej.BAPowerline.com/|6
184|Ñ€Ð¾Ð·Ñ‹ Ñ„Ð¾Ñ‚Ð¾ â€” Ð¯Ð½Ð´ÐµÐºÑ.ÐšÐ°Ñ€Ñ‚Ð¸Ð½ÐºÐ¸|6
185|"Ð¤Ñ€Ð°Ð³Ð¼ÐµÐ½Ñ‚ Ð¤ÐµÑÑ‚Ð¸Ð²Ð°Ð»Ñ ÐšÑ€Ð°ÑÐ¾Ñ‚Ñ‹ ""ÐÐµÐ²ÑÐºÐ¸Ðµ Ð‘ÐµÑ€ÐµÐ³Ð°"". Ð¡ÐµÐ½Ñ‚ÑÐ±Ñ€ÑŒ 2017."|6
186|#Ñ„Ð¾Ñ‚Ð¾ÑÐµÑÑÐ¸Ñ #ÐºÑ€Ð°ÑÐ¾Ñ‚Ð° #Ñ„Ð¾Ñ‚Ð¾Ð¼Ð¾Ð´ÐµÐ»Ð¸ #Ð¿Ð¾Ñ€Ñ‚Ñ€ÐµÑ‚ #Ñ„Ð¾Ñ‚Ð¾ÑÑ‚ÑƒÐ´Ð¸Ñ #MakeUp|6
187|ÐŸÐ°Ð¼Ð¿ÐµÑ€ÑÑ‹ Ð›Ð¸Ð±ÐµÑ€Ð¾ 5Ñ€|6
188|Ð­Ñ‚Ð¾ Ñ‚Ð¾Ñ‡Ð½Ð¾!|6
189|"Ð¯ Ð¸Ð³Ñ€Ð°ÑŽ ""Ð’ Ð¾ÐºÐ¾Ð¿Ðµ"", Ð° Ñ‚Ñ‹?"|6
190|â¤â¤â¤Ð›ÑŽÐ±Ð¸Ð¼Ñ‹Ðµ Ð±Ð¾Ñ‚Ð¸Ð½Ð¾Ñ‡ÐºÐ¸ â¤â¤â¤    Ð’ ÐÐÐ›Ð˜Ð§Ð˜Ð˜ ðŸ‘¯    ÐÐ¾Ð²Ð°Ñ Ð¨ÐžÐš Ñ†ÐµÐ½Ð° ðŸ‘ðŸ»ðŸ”¥ðŸ”¥|6
191|ðŸ’–Ð’ ÐÐÐ›Ð˜Ð§Ð˜Ð˜ðŸ’ž Ð’ ÐÐÐ›Ð˜Ð§Ð˜Ð˜ ðŸ’–Ð’ ÐÐÐ›Ð˜Ð§Ð˜Ð˜ ðŸ’žÐ’ ÐÐÐ›Ð˜Ð§Ð˜Ð˜ðŸ’–|6
192|Ð¯ ÑƒÐ·Ð½Ð°Ð» Ñ‚ÑƒÑ‚ ÐºÑ‚Ð¾ Ñ…Ð¾Ñ‡ÐµÑ‚ Ð¼ÐµÐ½Ñ Ð¿Ð¾Ñ†ÐµÐ»Ð¾Ð²Ð°Ñ‚ÑŒ! Ð£Ð·Ð½Ð°Ð¹ Ð¸ Ñ‚Ñ‹!|6
193|Ð’Ð°Ð¼ Ð½ÑƒÐ¶Ð½Ñ‹ ÐŸÐÐ Ð¢ÐÐ•Ð Ð« Ð¸ ÐšÐ›Ð˜Ð•ÐÐ¢Ð« ? Ð¥Ð¾Ñ‚Ð¸Ñ‚Ðµ Ð°Ð²Ñ‚Ð¾Ð¼Ð°Ñ‚Ð¸Ð·Ð¸Ñ€Ð¾Ð²Ð°Ñ‚ÑŒ ÑÐ²Ð¾Ð¹ Ð±Ð¸Ð·Ð½ÐµÑ Ð² Ð¸Ð½Ñ‚ÐµÑ€Ð½ÐµÑ‚Ðµ ? Ð² 14.00 Ð¸ 19:30 ÐœÐ¡Ðš Ð¿Ñ€ÑÐ¼Ð¾Ð¼ ÑÑ„Ð¸Ñ€ http://comanda.st10.su/7 + ÐšÐ¾Ð¼Ð¸ÑÑÐ¸Ð¾Ð½Ð½Ñ‹Ðµ Ð·Ð° Ñ€ÐµÐºÐ¾Ð¼ÐµÐ½Ð´Ð°Ñ†Ð¸Ð¸! + ÐŸÐ¾ÐµÐ·Ð´ÐºÐ¸ Ð·Ð° Ð³Ñ€Ð°Ð½Ð¸Ñ†Ñƒ! Ð¡Ð°Ð¼Ð°Ñ Ð»ÑƒÑ‡ÑˆÐ°Ñ Ð¿Ð¾Ð·Ð¸Ñ†Ð¸Ñ Ð² Ð¼Ð¾ÐµÐ¹ Ð¿ÐµÑ€Ð²Ð¾Ð¹ Ð»Ð¸Ð½Ð¸Ð¸ + Ð±Ð¾Ð½ÑƒÑÑ‹! ÐŸÑ€Ð¾ÑÑ‚Ð¾ Ð·Ð°Ð¹Ð¼Ð¸ Ð±ÐµÑÐ¿Ð»Ð°Ñ‚Ð½Ð¾ Ð¿Ð¾Ð·Ð¸Ñ†Ð¸ÑŽ Ð² Brain Abundance http://Alexej.BAPowerline.com/ !|6
194|In stock/Skladem/Ð’ Ð½Ð°Ð»Ð¸Ñ‡Ð¸Ð¸ 300 kÄ.  Ultra slim Silicone/  Ð¢Ð¾Ð½ÐºÐ¸Ð¹ ÑÐ¸Ð»Ð¸ÐºÐ¾Ð½#casesprague#praha#pouzdra#kryt#iphone#cases#Ñ‡ÐµÑ…Ð»Ñ‹#Ð¿Ñ€Ð°Ð³Ð°#kryty#5/5s/6/6+/6s/6s+ @ JiÅ™Ã­ho z PodÄ›brad|6
195|ÐžÑ‚ÐºÑ€Ñ‹Ð²Ð°Ð¹ ÐºÐµÐ¹ÑÑ‹ Ð²Ð¼ÐµÑÑ‚Ðµ ÑÐ¾ Ð¼Ð½Ð¾Ð¹!|6
196|ÐœÐ°Ð³Ð¸Ñ‡ÐµÑÐºÐ°Ñ ÐšÑƒÑ…Ð½Ñ|6
197|Ð¨Ð¾Ñƒ-Ð±Ð°Ð»ÐµÑ‚ Â«Ð‘Ð¸Ð·Ðµ-Ð›Ð¸Ð·ÑƒÂ»  Ð¤Ñ€Ð°Ð³Ð¼ÐµÐ½Ñ‚ ÑÐ¿ÐµÐºÑ‚Ð°ÐºÐ»Ñ Â«Ð¤Ñ€Ð°Ð½Ñ†ÑƒÐ·ÑÐºÐ¸Ð¹ Ð¿Ð¾Ñ†ÐµÐ»ÑƒÐ¹Â»  #Ð±Ð¸Ð·ÐµÐ»Ð¸Ð·Ñƒ #russianshow #russianshowballet  www.fotomarat.com|6
198|ðŸ’™ðŸ’™Ð’ ÐÐÐ¯Ð’ÐÐžÐ¡Ð¢Ð†ðŸ’™ðŸ’™Ð’ ÐÐÐ¯Ð’ÐÐžÐ¡Ð¢Ð†ðŸ’™ðŸ’™Ð’ ÐÐÐ¯Ð’ÐÐžÐ¡Ð¢Ð†ðŸ’™ðŸ’™Ð’ ÐÐÐ¯Ð’ÐÐžÐ¡Ð¢Ð†ðŸ’™ðŸ’™|6
199|ÐœÑ‹ Ð¿Ð¾Ð»ÑƒÑ‡Ð°ÐµÐ¼ Ð¾Ñ‚ Ð¶Ð¸Ð·Ð½Ð¸ Ñ‚Ð¾, Ð²Ð¾ Ñ‡Ñ‚Ð¾ Ð²ÐµÑ€Ð¸Ð¼. Ð¢Ñ‹ Ð²ÐµÑ€Ð¸ÑˆÑŒ, Ñ‡Ñ‚Ð¾ Ð¶Ð¸Ð·Ð½ÑŒ Ð¿Ñ€ÐµÐºÑ€Ð°ÑÐ½Ð° â€” Ð¸ Ð¾Ð½Ð° Ð¿Ñ€ÐµÐºÑ€Ð°ÑÐ½Ð°. Ð¢Ñ‹ Ð²ÐµÑ€Ð¸ÑˆÑŒ, Ñ‡Ñ‚Ð¾ Ð¾Ð½Ð° ÑƒÐ¶Ð°ÑÐ½Ð°, â€” Ð¾Ð½Ð° ÑƒÐ¶Ð°ÑÐ½Ð°. Ð’ÐµÑ€Ð¸ÑˆÑŒ, Ñ‡Ñ‚Ð¾ Ð²Ñ‹Ñ…Ð¾Ð´Ð° Ð½ÐµÑ‚, â€” Ð¸ Ð½Ðµ Ð½Ð°Ð¹Ð´ÐµÑˆÑŒ Ð²Ñ‹Ñ…Ð¾Ð´Ð°. Ð’ÐµÑ€Ð¸ÑˆÑŒ, Ñ‡Ñ‚Ð¾ Ð²Ñ‹Ñ…Ð¾Ð´ ÐµÑÑ‚ÑŒ, â€” Ð¾Ð±ÑÐ·Ð°Ñ‚ÐµÐ»ÑŒÐ½Ð¾ ÐµÐ³Ð¾ ÑƒÐ²Ð¸Ð´Ð¸ÑˆÑŒ. Ð¢Ñ‹ Ð¶Ð´ÐµÑˆÑŒ Ð±ÐµÐ´Ñ‹ â€” Ð¾Ð½Ð° Ð¾Ð±ÑÐ·Ð°Ñ‚ÐµÐ»ÑŒÐ½Ð¾ Ð¿Ñ€Ð¸Ð´ÐµÑ‚. Ð¢Ñ‹ Ð±Ð¾Ð¸ÑˆÑŒÑÑ Ð·Ð°Ð±Ð¾Ð»ÐµÑ‚ÑŒ â€” Ñ‚Ñ‹ Ð·Ð°Ð±Ð¾Ð»ÐµÐµÑˆÑŒ. Ð¢Ñ‹ Ð²ÐµÑ€Ð¸ÑˆÑŒ Ð² ÑƒÑÐ¿ÐµÑ… â€” Ñ‚Ñ‹ ÐµÐ³Ð¾ ÑÐ¾Ð·Ð´Ð°ÑˆÑŒ. Ð¢Ñ‹ Ð¶Ð´ÐµÑˆÑŒ ÑÑ‡Ð°ÑÑ‚ÑŒÑ â€” Ð¾Ð½Ð¾ ÑƒÐ¶Ðµ Ð½Ð° Ð¿ÑƒÑ‚Ð¸ Ðº Ñ‚ÐµÐ±Ðµ!ÐŸÑ€ÐµÐ´Ð»Ð°Ð³Ð°ÑŽ Ñ‚ÐµÐ±Ðµ Ð·Ð°Ð½ÑÑ‚ÑŒ Ð»ÑƒÑ‡ÑˆÑƒÑŽ Ð¿Ð¾Ð·Ð¸Ñ†Ð¸ÑŽ Ð² Ð»ÑƒÑ‡ÑˆÐµÐ¹ ÐºÐ¾Ð¼Ð¿Ð°Ð½Ð¸Ð¸! http://Alexej.BAPowerline.com ÑÐ½Ð¸Ð¼Ð¸ Ñ ÑÐµÐ±Ñ Ñ†ÐµÐ¿Ð¸!! Ð‘Ð¾Ð½ÑƒÑ Ð¾Ñ‚ ÐºÐ¾Ð¼Ð¿Ð°Ð½Ð¸Ð¸: http://www.youtube.com/watch?v=you5q5L1J2k ÐœÑ‹ Ñ†ÐµÐ½Ð¸Ð¼ ÐºÐ°Ð¶Ð´Ð¾Ð³Ð¾ Ð¸Ð· Ð’Ð°Ñ!!!Ð Ñ‡Ñ‚Ð¾ Ð’Ñ‹ Ñ†ÐµÐ½Ð¸Ñ‚Ðµ? ÐŸÑ€ÑÐ¼Ð¾Ð¹ ÑÑ„Ð¸Ñ€ Ð¿Ñ€Ð¾Ð¹Ð´ÐµÑ‚ Ð±Ð¾Ð»ÐµÐµ Ð² 200 ÑÑ‚Ñ€Ð°Ð½Ð°Ñ… Ð² 19 30 http://comanda.st10.su/4|6
200|Ð­Ñ‚Ð¾ Ð¿Ñ€Ð¾ÑÑ‚Ð¾ Ð¿Ñ€Ð°Ð·Ð´Ð½Ð¸Ðº ÐºÐ°Ð¶Ð´Ñ‹Ð¹ Ð´ÐµÐ½ÑŒ ÐºÐ°ÐºÐ¾Ð¹-Ñ‚Ð¾!|6
201|Ð­Ñ‚Ð¾ Ñ‚Ð¾Ñ‡Ð½Ð¾|6
202|Ð¯ Ð¾Ñ‚Ð¼Ð°Ñ‚Ð°Ð» Ñ…Ð¾Ð´ÐºÑƒ Ð² Ñ‚ÑŽÑ€ÑŒÐ¼Ðµ Ð‘ÑƒÑ‚Ñ‹Ñ€ÐºÐ°.|6
203|Ð—Ð°Ð¿Ð¸Ñ‚Ð°Ð¹ Ð¼ÐµÐ½Ðµ:|6
204|Ð˜Ð½Ñ‚ÐµÑ€Ð½ÐµÑ‚ + Ð¡Ð¸ÑÑ‚ÐµÐ¼Ð° Ð£ÑÐ¿ÐµÑ… Ð’Ð¼ÐµÑÑ‚Ðµ = Ð´Ð¾Ñ…Ð¾Ð´ Ð¾Ñ‚ 1000$. Ð¿Ñ€ÑÐ¼Ð¾Ð¹ ÑÑ„Ð¸Ñ€ Ð² 14:00 Ð¸ 19:30 ÐœÐ¾ÑÐºÐ²Ñ‹ Ð½Ð°ÑƒÑ‡Ð¸Ð¼,Ð¾Ð±ÑƒÑ‡Ð¸Ð¼,Ð¿Ñ€Ð¾Ð´Ð²Ð¸Ð½ÐµÐ¼ Ð¿Ð¾ ÐºÐ°Ñ€ÑŒÐµÑ€Ð½Ð¾Ð¹ Ð»ÐµÑÑ‚Ð½Ð¸Ñ†Ðµ.Ð‘ÐµÐ· Ð¸Ð½Ð²ÐµÑÑ‚Ð¸Ñ†Ð¸Ð¹,Ð‘ÐµÐ· Ñ€Ð¸ÑÐºÐ°!!!! Â»http://comanda.st10.su/15 Â« ÐŸÑ€Ð¾ÑÑ‚Ð¾ Ð·Ð°Ð¹Ð¼Ð¸ Ð±ÐµÑÐ¿Ð»Ð°Ñ‚Ð½Ð¾ Ð¿Ð¾Ð·Ð¸Ñ†Ð¸ÑŽ Brain Abundance http://Alexej.BAPowerline.com/ Skype:Alexej1076|6
205|ðŸ˜ƒðŸ˜ƒðŸ˜ƒÐÐšÐ¦Ð†Ð¯ 310Ð“Ð ÐðŸ’ƒðŸ’ƒÐŸÐžÐ¡ÐŸÐ†Ð¨ÐÐ™|6
206|ðŸ¦‹ ÐšÐ¾Ð»Ð³Ð¾Ñ‚ÐºÐ¸ Ñ Ñ€Ð¸ÑÑƒÐ½ÐºÐ¾Ð¼ 3D ðŸ¦‹ ðŸ“£ Ð Ð°ÑÐ¿Ñ€Ð¾Ð´Ð°Ð¶Ð° ðŸ“£  ðŸ” Ð Ð°Ð·Ð¼ÐµÑ€Ñ‹: Ð½Ð° Ð±Ð¸Ñ€ÐºÐµ: 46-52, 52-58 -                     Ð ÐµÐ°Ð»ÑŒÐ½Ñ‹Ðµ: 42-48, 48-54 ðŸ” Ð¦ÐµÐ½Ð°: 7 Ñ€ÑƒÐ± ðŸ” ÐœÐ°Ñ‚ÐµÑ€Ð¸Ð°Ð»: Ð›ÐµÐ±ÑÐ¶Ð¸Ð¹ Ð¸ ÐžÐ²ÐµÑ‡Ð¸Ð¹ Ð¿ÑƒÑ… (Ð›ÑŽÐºÑ) ðŸ” ÐŸÐ»Ð¾Ñ‚Ð½Ð¾ÑÑ‚ÑŒ: 600 Ð´ÐµÐ½|5
207|Ð›ÑƒÑ‡ÑˆÐ¸Ð¹ Ð±Ð¸Ð·Ð½ÐµÑ,Ð¼Ð¾Ñ‰Ð½Ñ‹Ð¹ Ð¼Ð°Ñ€ÐºÐµÑ‚Ð¸Ð½Ð³ Ð¿Ð»Ð°Ð½,ÑƒÐ½Ð¸ÐºÐ°Ð»ÑŒÐ½Ñ‹Ð¹ Ð¿Ñ€Ð¾Ð´ÑƒÐºÑ‚, Ð¾Ð±ÑƒÑ‡ÐµÐ½Ð¸Ðµ Ð² Ð¿Ñ€ÑÐ¼Ð¾Ð¼ ÑÑ„Ð¸Ñ€Ðµ Ð² 14 00 Ð¸ 19 30 Ð¿Ð¾ Ð¼ÑÐº  http://comanda.as9.tv/training ,ÑÑ‚Ð°Ð±Ð¸Ð»ÑŒÐ½Ñ‹Ðµ Ð²Ñ‹Ð¿Ð»Ð°Ñ‚Ñ‹ Ð½Ð° Ð±Ð°Ð½ÐºÐ¾Ð²ÑÐºÑƒÑŽ ÐºÐ°Ñ€Ñ‚Ñƒ,ÐºÐ°Ñ€ÑŒÐµÑ€Ð½Ð°Ñ Ð»ÐµÑÑ‚Ð½Ð¸Ñ†Ð°!!ÐŸÐ¾Ð¿Ð°Ð´Ð¸ Ð² 1% Ð²ÑÐµÐ³Ð¾ Ñ‚Ð¾Ð²Ð°Ñ€Ð° Ð¾Ð±Ð°Ñ€Ð¾Ñ‚Ð° Ð¸ ÑÑ‚Ð°Ð½ÑŒ Ð¼Ð¸Ð»Ð»Ð¸Ð¾Ð½ÐµÑ€Ð¾Ð¼  http://comanda.as9.tv/welcome !!!|5
208|"Ð¯ Ð¿Ñ€Ð¸Ð½ÑÐ»a ÑƒÑ‡Ð°ÑÑ‚Ð¸Ðµ Ð² Ð³Ð¾Ð»Ð¾ÑÐ¾Ð²Ð°Ð½Ð¸Ð¸ ""Â«ÐÐ°Ñ€Ð¾Ð´Ð½Ñ‹Ð¹ Ð²Ñ‹Ð±Ð¾Ñ€Â» Ð¾Ñ‚ Â«ÐÐºÑ‚Ð¸Ð²Ð½Ð¾Ð³Ð¾ Ð³Ñ€Ð°Ð¶Ð´Ð°Ð½Ð¸Ð½Ð°Â»"" Ð² Ð¿Ñ€Ð¾ÐµÐºÑ‚Ðµ Â«ÐÐºÑ‚Ð¸Ð²Ð½Ñ‹Ð¹ Ð³Ñ€Ð°Ð¶Ð´Ð°Ð½Ð¸Ð½Â» Ð¸ Ð¿Ð¾Ð»ÑƒÑ‡Ð¸Ð»a 20 Ð±Ð°Ð»Ð»Ð¾Ð²"|5
209|@id[null], Ð²ÐµÑ€Ð½Ð¸ÑÑŒ Ð² Ð¢ÑŽÑ€ÑÐ³Ñƒ, Ð›ÑŽÑÑŒÐºÐ° ÑÐ¾Ñ…Ð½ÐµÑ‚ Ð¿Ð¾ Ñ‚ÐµÐ±Ðµ!|5
210|[id48412566 ÐÐµÐºÐ¸Ñ‚Ð¾Ñ ÐÑ„Ð°Ð½Ð°ÑÑŒÐµÐ²], Ð²ÐµÑ€Ð½Ð¸ÑÑŒ Ð² Ð¢ÑŽÑ€ÑÐ³Ñƒ, Ð›ÑŽÑÑŒÐºÐ° ÑÐ¾Ñ…Ð½ÐµÑ‚ Ð¿Ð¾ Ñ‚ÐµÐ±Ðµ!|5
211|"""Ð•Ð²Ð³ÐµÐ½Ð¸Ð¹ ÐžÐ½ÐµÐ³Ð¸Ð½"" Ð½Ð° ÑÑ†ÐµÐ½Ðµ Ñ‚ÐµÐ°Ñ‚Ñ€Ð° ""Ð¡Ð°Ð½ÐºÑ‚ÑŠ-ÐŸÐµÑ‚ÐµÑ€Ð±ÑƒÑ€Ð³ÑŠ ÐžÐ¿ÐµÑ€Ð°"".  Ð’ Ñ€Ð¾Ð»Ð¸ Ð¢Ð°Ñ‚ÑŒÑÐ½Ñ‹--Ð¡Ð¾Ñ„ÑŒÑ ÐÐµÐºÑ€Ð°ÑÐ¾Ð²Ð°."|5
212|ðŸ”¥ðŸ”¥ðŸ”¥Ð¨Ð¸ÐºÐ°Ñ€Ð½Ñ‹Ð¹ ÐºÐ¾Ð¼Ð¿Ð»ÐµÐºÑ‚ ðŸ”¥ðŸ”¥ðŸ”¥    Ð’ ÐÐÐ›Ð˜Ð§Ð˜Ð˜ ðŸ’‹|5
213|ÐžÑ‚Ð¿Ñ€Ð°Ð²Ð»ÐµÐ½Ð¾ Ð¸Ð· Android Ð¿Ñ€Ð¸Ð»Ð¾Ð¶ÐµÐ½Ð¸Ñ ÐœÐ°Ð¼Ð° Ð¸ Ñ https://play.google.com/store/apps/details?id=com.alek.momandme|5
214|"""Ð¡ÐšÐ£Ð¢Ð•Ð "" Ð½Ð° Ð¡ÑƒÐ¿ÐµÑ€Ð´Ð¸ÑÐºÐ¾Ñ‚ÐµÐºÐ° 90-Ñ… .Ð Ð°Ð´Ð¸Ð¾ Ð ÐµÐºÐ¾Ñ€Ð´. ÐŸÐ¸Ñ‚ÐµÑ€. Ð¡ÐšÐš. 19.11.2016."|5
215|Ð¡ÐºÐ¾Ñ€Ð¾ Ð² Ð½Ð°Ð»Ð¸Ñ‡Ð¸Ð¸!!!/Na cestÄ›!!!/Waiting!!! @ JiÅ™Ã­ho z PodÄ›brad|5
216|ÐšÐ°Ñ‡Ð°Ð¹ Ð¸Ð³Ñ€Ñ‹ Ð¸ Ð¿Ñ€Ð¸Ð»Ð¾Ð¶ÐµÐ½Ð¸Ñ Ð¸Ð· AppBonus - Ð¿Ð¾Ð»ÑƒÑ‡Ð°Ð¹ Ð¾Ñ‚ 5 Ð´Ð¾ 150 Ñ€ÑƒÐ±Ð»ÐµÐ¹! Ð£ÑÑ‚Ð°Ð½Ð¾Ð²Ð¸ Ð¿Ð¾ ÑÑÑ‹Ð»ÐºÐµ http://appbonus.ru/?promo_code=9QE76C, Ð²Ð²ÐµÐ´Ð¸ Ð¿Ñ€Ð¾Ð¼Ð¾ÐºÐ¾Ð´: 9QE76C Ð¸ Ð¿Ð¾Ð»ÑƒÑ‡Ð¸ 3 Ñ€ÑƒÐ±Ð»Ñ ÑÑ€Ð°Ð·Ñƒ Ð¿Ð¾ÑÐ»Ðµ Ñ€ÐµÐ³Ð¸ÑÑ‚Ñ€Ð°Ñ†Ð¸Ð¸! ÐŸÑ€Ð¾Ð²ÐµÑ€ÐµÐ½Ð¾, Ñ€Ð°Ð±Ð¾Ñ‚Ð°ÐµÑ‚)|5
217|"Ð¤Ñ€Ð°Ð³Ð¼ÐµÐ½Ñ‚ Ð¾Ð¿ÐµÑ€ÐµÑ‚Ñ‚Ñ‹ ""ÐšÐ¾Ñ€Ð½ÐµÐ²Ð¸Ð»ÑŒÑÐºÐ¸Ðµ ÐšÐ¾Ð»Ð¾ÐºÐ¾Ð»Ð°"" Ð½Ð° ÑÑ†ÐµÐ½Ðµ Ð¢ÐµÐ°Ñ‚Ñ€Ð° ""Ð¡Ð°Ð½ÐºÑ‚-ÐŸÐµÑ‚ÐµÑ€Ð±ÑƒÑ€Ð³ ÐžÐ¿ÐµÑ€Ð°""."|5
218|"14 ÐÐ²Ð³ÑƒÑÑ‚Ð° Ð² 19:30 ÐœÐ¾ÑÐºÐ²Ñ‹. Ð’Ñ‹ÑÑ‚ÑƒÐ¿Ð°ÐµÑ‚ Ð½Ð°Ñˆ Ð½Ð°ÑÑ‚Ð°Ð²Ð½Ð¸Ðº! Ð‘Ð¸Ð·Ð½ÐµÑ Ñ‚Ñ€ÐµÐ½ÐµÑ€, ÐºÐ¾Ñ‚Ð¾Ñ€Ñ‹Ð¹ Ð¿Ð¾Ð¿Ð°Ð» Ð² Ñ‚Ð¾Ð¿ 50 Ð»ÑƒÑ‡ÑˆÐ¸Ñ… Ð¼Ð¸Ñ€Ð°! ÐœÑƒÐ»ÑŒÑ‚Ð¸Ð¼Ð¸Ð»Ð»Ð¸Ð¾Ð½ÐµÑ€, Ð¾ÑÐ½Ð¾Ð²Ð°Ñ‚ÐµÐ»ÑŒ ÑÐ¾Ð±ÑÑ‚Ð²ÐµÐ½Ð½Ð¾Ð¹ ÐºÐ¾Ð¼Ð¿Ð°Ð½Ð¸Ð¸, ÐšÐ¾Ñ‚Ð¾Ñ€Ð°Ñ Ð·Ð°Ð½Ð¸Ð¼Ð°ÐµÑ‚ Ð¿Ð¾ Ð¸Ñ‚Ð¾Ð³Ð°Ð¼ 2014 Ð³Ð¾Ð´Ð°, Ð¿ÐµÑ€Ð²Ð¾Ðµ Ð¼ÐµÑÑ‚Ð¾ Ð² Ð¼Ð¸Ñ€Ðµ! Eric Caprarese - Ð²Ñ‹ÑÑ‚ÑƒÐ¿Ð¸Ñ‚ Ð´Ð»Ñ Ð’Ð°Ñ Ð½Ð° Ð¿Ð¾Ñ€Ñ‚Ð°Ð»Ðµ ""Ð£ÑÐ¿ÐµÑ… Ð’Ð¼ÐµÑÑ‚Ðµ"",  Ð–Ð´ÐµÐ¼ Ð’Ð°Ñ Ð½Ð° Ð¿Ð¾Ñ€Ñ‚Ð°Ð»Ðµ! http://comanda.st10.su/4 !!!!! ÐšÐ¾Ñ€Ð¾Ñ‚ÐºÐ¾ Ð¿Ñ€Ð¾ Ð³Ð¾ÑÑ‚Ñ http://ericcaprarese.com/ Ð›ÑŽÐ´Ð¸ ÐºÐ¾Ñ‚Ð¾Ñ€Ñ‹Ðµ Ð¿Ñ€Ð¾ÑˆÐ»Ð¸ Ð¾Ð±ÑƒÑ‡ÐµÐ½Ð¸Ðµ ÑƒÐ¶Ðµ Ð·Ð°Ñ€Ð°Ð±Ð°Ñ‚Ñ‹Ð²Ð°ÑŽÑ‚! http://vu9.su/users/rating Ð£Ð±ÐµÐ´Ð¸Ñ‚ÐµÑÑŒ Ð² Ñ‚Ð¾Ð¼, Ñ‡Ñ‚Ð¾ Ð’ÑÐµ Ð´Ñ€ÑƒÐ·ÑŒÑ Ð²Ð°ÑˆÐ¸ Ð±ÑƒÐ´ÑƒÑ‚ Ð½Ð° ÑÑ‚Ð¾Ð¹ Ð²ÑÑ‚Ñ€ÐµÑ‡Ðµ. Ð”Ð¾ Ð²ÑÑ‚Ñ€ÐµÑ‡Ð¸! ÐœÑ‹ Ñ†ÐµÐ½Ð¸Ð¼ ÐºÐ°Ð¶Ð´Ð¾Ð³Ð¾ Ð¸Ð· Ð’Ð°Ñ! Ð’Ð¾ÑÑÑ‚Ð°Ð½Ð¾Ð²Ð¸Ñ‚ÑŒ Ð¿Ð°Ñ€Ð¾Ð»ÑŒ: http://vu9.su/remember Ð•ÑÐ»Ð¸ Ð’Ñ‹ Ð·Ð°Ð±Ñ‹Ð»Ð¸ Ð¿Ð°Ñ€Ð¾Ð»ÑŒ. ÐÐ°Ð¿Ð¸ÑˆÐ¸Ñ‚Ðµ Ð½Ð°Ð¼ uspexvmecte@gmail.com"|5
219|ÐÐ°ÑˆÐ° ÐºÐ¾Ð¼Ð°Ð½Ð´Ð° Ð¸Ð´ÐµÑ‚ Ð½Ð° Ð¼Ð¸Ñ€Ð¾Ð²Ð¾Ð¹ Ñ€ÐµÐºÐ¾Ñ€Ð´! ÐŸÑ€ÐµÐ´Ð»Ð°Ð³Ð°ÑŽ Ñ‚ÐµÐ±Ðµ Ñ€Ð°Ð·Ð´ÐµÐ»Ð¸Ñ‚ÑŒ Ð½Ð°Ð³Ñ€Ð°Ð´Ñƒ Ð²Ð¼ÐµÑÑ‚Ðµ! Ð¡ÐµÐ¹Ñ‡Ð°Ñ Ñ„Ð¾Ñ€Ð¼Ð¸Ñ€ÑƒÑŽ ÑÐ°Ð¼ÑƒÑŽ Ð±Ð¾Ð»ÑŒÑˆÑƒÑŽ ÑÑ‚Ñ€ÑƒÐºÑ‚ÑƒÑ€Ñƒ Ð² Ð¸ÑÑ‚Ð¾Ñ€Ð¸Ð¸! http://comanda.st10.su/4 Ð”ÐµÐ¹ÑÑ‚Ð²ÑƒÐµÑ‚ ÐÐºÑ†Ð¸Ñ Ð´Ð¾ 14 ÐÐ²Ð³ÑƒÑÑ‚Ð°! Ð¡Ð°Ð¼Ð°Ñ Ð»ÑƒÑ‡ÑˆÐ°Ñ Ð¿Ð¾Ð·Ð¸Ñ†Ð¸Ñ Ð² Ð¼Ð¾ÐµÐ¹ Ð¿ÐµÑ€Ð²Ð¾Ð¹ Ð»Ð¸Ð½Ð¸Ð¸ + Ð±Ð¾Ð½ÑƒÑÑ‹!http://Alexej.BAPowerline.com/ Ð¿Ñ€Ð¾ÑÑ‚Ð¾ Ð·Ð°Ð¹Ð¼Ð¸ Ð±ÐµÑÐ¿Ð»Ð°Ñ‚Ð½Ð¾ Ð¿Ð¾Ð·Ð¸Ñ†Ð¸ÑŽ !!! Ð˜ ÑÐ¼Ð¾Ñ‚Ñ€Ð¸, ÐºÐ°Ðº Ð¿Ð¾Ð´ Ñ‚Ð¾Ð±Ð¾Ð¹ Ð¿Ð¾ÑÐ²Ð»ÑÑŽÑ‚ÑÑ 100 Ð»ÑŽÐ´ÐµÐ¹! Ð Ð»ÑƒÑ‡ÑˆÐµ Ð½Ðµ ÑÐ¼Ð¾Ñ‚Ñ€Ð¸, Ð° ÑÑ€Ð°Ð·Ñƒ Ð´ÐµÐ¹ÑÑ‚Ð²ÑƒÐ¹, Ð²Ð¼ÐµÑÑ‚Ðµ ÑÐ¾ Ð¼Ð½Ð¾Ð¹! Ð¢Ð¾Ð³Ð´Ð° Ñ‚Ð²Ð¾Ð¹ Ð´Ð¾Ñ…Ð¾Ð´ Ð±ÑƒÐ´ÐµÑ‚ Ð±Ð¾Ð»ÑŒÑˆÐµ Ð² Ñ€Ð°Ð·Ñ‹! ÐšÐ°Ð¶Ð´Ñ‹Ð¹ Ð´ÐµÐ½ÑŒ Ð² Ð¿Ñ€ÑÐ¼Ð¾Ð¼ ÑÑ„Ð¸Ñ€Ðµ Ñ‚Ñ€ÐµÐ½Ð¸Ð½Ð³ Ð¸ Ð¾Ð±ÑƒÑ‡ÐµÐ½Ð¸Ðµ Ð² 14:00 Ð¸ 19:30 ÐœÐ¾ÑÐºÐ¾Ð²ÑÐºÐ¾Ð³Ð¾ Ð²Ñ€ÐµÐ¼ÐµÐ½Ð¸ . Ð¡Ð°Ð¼Ñ‹Ð¹ ÑÐ»Ð°Ð´ÐºÐ¸Ð¹ Ð‘ÐžÐÐ£Ð¡: http://youtu.be/5icEXegmM48.|5
220|Ð•Ð¿Ð» Ð³Ð¾Ð²Ð½Ð¾ Ð¿Ð»Ð°Ñ‚Ð¸Ñ‚ÑŒ ÑÑ‚Ð¾Ð»ÑŒÐºÐ¾ Ð±Ð°Ð±Ð¾Ðº Ð·Ð° Ñ„Ð¸Ñ€Ð¼Ñƒ Ð¸ Ð·Ð° Ð¼Ð°Ð»ÐµÐ½ÑŒÐºÑƒÑŽ Ð³Ð¾Ð²Ð½ÑÑˆÐºÑƒ Ð² ÐºÐ¾Ñ‚Ð¾Ñ€Ð¾Ð¹ Ð´Ð°Ð¶Ðµ Ð¿Ð¾Ð»Ð¾Ð²Ð¸Ð½Ñ‹ Ð¿Ñ€Ð¸Ð»Ð¾Ð¶ÐµÐ½Ð¸Ð¹ Ð½ÐµÑ‚Ñƒ ÐºÐ¾Ñ‚Ð¾Ñ€Ñ‹Ðµ ÐµÑÑ‚ÑŒ Ð½Ð° Ð°Ð½Ð´Ñ€Ð¾Ð¸Ð´Ð°Ñ…!!!|5
221|"Ð¤ÐµÑÑ‚Ð¸Ð²Ð°Ð»ÑŒ ÐšÑ€Ð°ÑÐ¾Ñ‚Ñ‹ ""ÐÐ•Ð’Ð¡ÐšÐ˜Ð• Ð‘Ð•Ð Ð•Ð“Ð"" ÑÐµÐ½Ñ‚ÑÐ±Ñ€ÑŒ 2015"|5
222|"Ð¤Ñ€Ð°Ð³Ð¼ÐµÐ½Ñ‚ Ð¼ÑŽÐ·Ð¸ÐºÐ»Ð° ""ÐÐ»Ñ‹Ðµ ÐŸÐ°Ñ€ÑƒÑÐ°"". ÐÐ° ÑÑ†ÐµÐ½Ðµ Ñ‚ÐµÐ°Ñ‚Ñ€Ð° ""Ð‘Ð°Ð»Ñ‚Ð¸Ð¹ÑÐºÐ¸Ð¹ Ð”Ð¾Ð¼"".2015"|5
223|Ð’ÑÑ‚Ñ€ÐµÑ‡Ð° Ð³Ð¾Ð´Ð°! Ð’Ñ‹ÑÑ‚ÑƒÐ¿Ð°ÑŽÑ‚ Ð´Ð²Ðµ Ð¼Ð¸Ñ€Ð¾Ð²Ñ‹Ðµ Ð»ÐµÐ³ÐµÐ½Ð´Ñ‹! Eric Caprarese(Ð‘Ð¸Ð·Ð½ÐµÑ Ñ‚Ñ€ÐµÐ½ÐµÑ€) Ð¸ Larry Lane(Ð—Ð²ÐµÐ·Ð´Ð° Ð“Ð¾Ð»Ð»Ð¸Ð²ÑƒÐ´Ð°). 28 ÐÐ²Ð³ÑƒÑÑ‚Ð° Ð² 19:30 ÐœÐ¾ÑÐºÐ²Ñ‹ http://comanda.st10.su/4 ÐšÐ¾Ð»Ð¸Ñ‡ÐµÑÑ‚Ð²Ð¾ Ð¼ÐµÑÑ‚ Ð¾Ð³Ñ€Ð°Ð½Ð¸Ñ‡ÐµÐ½Ð¾! ÐŸÑ€ÑÐ¼Ð¾Ð¹ ÑÑ„Ð¸Ñ€! ÐÐµ Ð¿Ñ€Ð¾Ð¿ÑƒÑÑ‚Ð¸!|5
224|OÑ†ÐµÐ½Ð¸Ñ‚Ðµ Ð¼Ð¾Ð¹ Ñ„Ð¾Ñ‚Ð¾ÑÑ‚Ð°Ñ‚ÑƒÑ.|5
225|ÐžÑ†ÐµÐ½Ð¸Ñ‚Ðµ Ð¼Ð¾Ð¹ Ñ„oÑ‚Ð¾ÑÑ‚Ð°Ñ‚ÑƒÑ.|5
226|Ð›ÑƒÑ‡ÑˆÐ¸Ð¹ Ð‘Ð¸Ð·Ð½ÐµÑ Ð½Ð° Ð¿Ñ€Ð¾ÑÑ‚Ð¾Ñ€Ð°Ñ… Ð¸Ð½Ñ‚ÐµÑ€Ð½ÐµÑ‚ !!! http://comanda.as9.tv/welcome|5
227|Ð¢ÐµÐ°Ñ‚Ñ€ Ð›Ð˜Ð¦Ð•Ð”Ð•Ð˜. Ñ„Ñ€Ð°Ð³Ð¼ÐµÐ½Ñ‚ ÑÐ¿ÐµÐºÑ‚Ð°ÐºÐ»Ñ.|5
228|"Ð¡Ð¿ÐµÐºÑ‚Ð°ÐºÐ»ÑŒ ""ÐšÐžÐ¢ Ð’ Ð¡ÐÐŸÐžÐ“ÐÐ¥"" Ð½Ð° ÑÑ†ÐµÐ½Ðµ Ð¢ÐµÐ°Ñ‚Ñ€Ð° ""Ð¡ÐÐÐšÐ¢Ðª-ÐŸÐ•Ð¢Ð•Ð Ð‘Ð£Ð Ð“Ðª ÐžÐŸÐ•Ð Ð"""|5
229|"Ð¤Ñ€Ð°Ð³Ð¼ÐµÐ½Ñ‚ ÑÐ¿ÐµÐºÑ‚Ð°ÐºÐ»Ñ "" ÐœÐ°ÑÑ‚ÐµÑ€ Ð¸ ÐœÐ°Ñ€Ð³Ð°Ñ€Ð¸Ñ‚Ð°"" Ð½Ð° ÑÑ†ÐµÐ½Ðµ Ñ‚ÐµÐ°Ñ‚Ñ€Ð° ÐœÑŽÐ·Ð¸Ðº-Ð¥Ð¾Ð»Ð»."|5
230|Ð˜Ð³Ð¾Ñ€ÑŒ Ð Ð¾Ð¼Ð°Ð½Ð¾Ð²|5
231|Ð’Ñ‹ Ð±Ñ‹Ð»Ð¸ Ð² Ð¢Ð°Ð¹Ð»Ð°Ð½Ð´Ðµ?ÐÐµÑ‚?Ð Ð’Ñ‹ Ð±Ñ‹Ð»Ð¸ Ð² Ð”ÑƒÐ±Ð°Ðµ? Ð¢Ð¾Ð¶Ðµ Ð½ÐµÑ‚?Ð¢Ð¾Ð³Ð´Ð° Ð²Ð°Ð¼ Ðº Ð½Ð°Ð¼ Ð½Ð° Ð¼ÐµÐ¶Ð´ÑƒÐ½Ð°Ñ€Ð¾Ð´Ð½Ñ‹Ð¹ Ð¿Ð¾Ñ€Ñ‚Ð°Ð» 'Ð£ÑÐ¿ÐµÑ… Ð²Ð¼ÐµÑÑ‚Ðµ' Ð³Ð´Ðµ Ð½Ð°ÑˆÐ¸ Ð»Ð¸Ð´ÐµÑ€Ñ‹ Ð’Ð°Ñ Ð½Ð°ÑƒÑ‡Ð°Ñ‚ Ð·Ð°Ñ€Ð°Ð±Ð°Ñ‚Ñ‹Ð²Ð°Ñ‚ÑŒ Ð¾Ñ‚1000$ Ð² Ð¼ÐµÑÑÑ† Ð¸ Ð¿Ð¾ÑˆÐ°Ð³Ð¾Ð²Ð¾ Ð¿Ð¾Ð´Ð½Ð¸Ð¼ÑƒÑ‚ Ð¿Ð¾ ÐºÐ°Ñ€ÑŒÐµÑ€Ð½Ð¾Ð¹ Ð»ÐµÑÑ‚Ð½Ð¸Ñ†Ðµ+ÑÐµÐºÑ€ÐµÑ‚Ñ‹ Ð¸ Ñ‚Ð°Ð¹Ð½Ñ‹ Ð¼Ð¸Ð»Ð»Ð¸Ð¾Ð½ÐµÑ€Ð¾Ð²...http://comanda.as9.tv/welcome ! ÐŸÑ€ÑÐ¼Ð¾Ð¹ ÑÑ„Ð¸Ñ€ Ð¿Ñ€Ð¾Ð¹Ð´ÐµÑ‚ Ð² 14 00 Ð¸ 19 30 Ð¼ÑÐº http://comanda.st10.su/15 !!  Ð—Ð°Ð¹Ð¼Ð¸Ñ‚Ðµ Ð´Ð»Ñ ÑÐµÐ±Ñ ÑÐ»Ð°Ð´ÐºÑƒÑŽ Ð¿Ð¾Ð·Ð¸Ñ†Ð¸ÑŽ http://Alexej.BAPowerline.com/ ÐœÑ‹ Ñ†ÐµÐ½Ð¸Ð¼ ÐºÐ°Ð¶Ð´Ð¾Ð³Ð¾ Ð¸Ð· Ð’Ð°Ñ!|5
232|ÐœÐ¾Ð¹ ÐÐ½Ð³ÐµÐ»-Ð¥Ñ€Ð°Ð½Ð¸Ñ‚ÐµÐ»ÑŒâ€¦ Ñ ÑÐ½Ð¾Ð²Ð° ÑƒÑÑ‚Ð°Ð»Ð°â€¦ Ð”Ð°Ð¹ Ñ€ÑƒÐºÑƒ, Ð¿Ñ€Ð¾ÑˆÑƒ, Ð¸ ÐºÑ€Ñ‹Ð»Ð¾Ð¼ Ð¾Ð±Ð½Ð¸Ð¼Ð¸â€¦ Ð”ÐµÑ€Ð¶Ð¸ Ð¼ÐµÐ½Ñ ÐºÑ€ÐµÐ¿Ñ‡Ðµ, Ñ‡Ñ‚Ð¾Ð± Ñ Ð½Ðµ ÑƒÐ¿Ð°Ð»Ð°â€¦ Ð ÐµÑÐ»Ð¸ ÑÐ¿Ð¾Ñ‚ÐºÐ½ÑƒÑÑŒ, Ð¢Ñ‹ Ð¼ÐµÐ½Ñ Ð¿Ð¾Ð´Ð½Ð¸Ð¼Ð¸â€¦|5
233|Ð•ÑÑ‚ÑŒ Ð¶ÐµÐ»Ð°Ð½Ð¸Ðµ ÑƒÑ‡Ð¸Ñ‚ÑÑ Ð¸ Ð·Ð°Ñ€Ð°Ð±Ð°Ñ‚Ñ‹Ð²Ð°Ñ‚ÑŒ Ð² Ð¸Ð½Ñ‚ÐµÑ€Ð½ÐµÑ‚Ðµ ?Ð¡ÐµÐ³Ð¾Ð´Ð½Ñ 14 00 Ð¸ 19 30 Ð¿Ð¾ Ð¼ÑÐº Ð¿Ñ€ÑÐ¼Ð¾Ð¹ ÑÑ„Ð¸Ñ€.Ð’Ñ‹ÑÑ‚ÑƒÐ¿Ð°ÐµÑ‚ Ñ‚Ð¾Ð¿ Ð»Ð¸Ð´ÐµÑ€ 4 ÐºÐ¾Ð¼Ð¿Ð°Ð½Ð¸Ð¹ ÐÐ½Ð´Ñ€ÐµÐ¹ Ð¨Ð°ÑƒÑ€Ð¾ http://comanda.st10.su/11 ÐŸÑ€Ð¾ÑÑ‚Ð¾ Ð·Ð°Ð¹Ð¼Ð¸Ñ‚Ðµ Ð±ÐµÑÐ¿Ð»Ð°Ñ‚Ð½Ð¾ Ð¿Ð¾Ð·Ð¸Ñ†Ð¸ÑŽ.... http://Alexej.BAPowerline.com/ !!!|5
234|ðŸ­ðŸ­Ð›ÑŽÐ±Ð¸Ð¼Ñ‹Ðµ Ð±Ð°Ð»ÐµÑ‚Ð¾Ñ‡ÐºÐ¸ ÐºÐ¾Ð¶Ð° ðŸ­ðŸ­  ÐÐ¾Ð²Ñ‹Ðµ Ñ†Ð²ÐµÑ‚Ð° â˜€  Ð’ ÐÐÐ›Ð˜Ð§Ð˜Ð˜ ðŸ˜˜|5
235|Ð¼Ð°Ð»Ð¾Ð¼ÐµÑ€ÐºÐ¸ 350Ð³Ñ€Ð½|5
236|ðŸŒ²Ð’ ÐÐÐ›Ð˜Ð§Ð˜Ð˜ ðŸŒ² Ð’ ÐÐÐ›Ð˜Ð§Ð˜Ð˜ ðŸŒ²Ð’ ÐÐÐ›Ð˜Ð§Ð˜Ð˜ ðŸŒ² Ð’ ÐÐÐ›Ð˜Ð§Ð˜Ð˜ ðŸŒ²|5
237|ðŸ’–Ð’ ÐÐÐ›Ð˜Ð§Ð˜Ð˜ðŸ’– Ð’ ÐÐÐ›Ð˜Ð§Ð˜Ð˜ðŸ’– Ð’ ÐÐÐ›Ð˜Ð§Ð˜Ð˜ðŸ’– Ð’ ÐÐÐ›Ð˜Ð§Ð˜Ð˜ðŸ’–|5
238|â¤â¤Ð›ÑŽÐ±Ð¸Ð¼Ñ‹Ðµ Ñ‚ÑƒÑ„ÐµÐ»ÑŒÐºÐ¸ â¤â¤ðŸ‘Ÿ  Ð’ ÐÐÐ›Ð˜Ð§Ð˜Ð˜ ðŸ‘ŒðŸ»|5
239|â¤â¤Ð›ÑŽÐ±Ð¸Ð¼Ñ‹Ðµ Ð±Ð¾Ñ‚Ð¸Ð½Ð¾Ñ‡ÐºÐ¸ â¤â¤ðŸ‘Ÿ  Ð’ ÐÐÐ›Ð˜Ð§Ð˜Ð˜ ðŸ‘ŒðŸ»  ÐšÐ¾Ð»Ð¸Ñ‡ÐµÑÑ‚Ð²Ð¾ Ð¾Ð³Ñ€Ð°Ð½Ð¸Ñ‡ÐµÐ½Ð¾ ðŸ™ˆ|5
240|Ð”ÐµÐ»Ð¾ Ð½Ð° Ð¼ÐµÑÑ‚Ðµ Ð½Ðµ ÑÑ‚Ð¾Ð¸Ñ‚! Ð—Ð° ÑÐ²Ð¾Ð¸ ÑÑ‚Ð°Ñ€Ð°Ð½Ð¸Ñ Ñ Ð¿Ð¾Ð»ÑƒÑ‡Ð¸Ð» Ð´Ð¾ÑÑ‚Ð¾Ð¹Ð½ÑƒÑŽ Ð½Ð°Ð³Ñ€Ð°Ð´Ñƒ. Ð¥Ð¾Ñ‚Ð¸Ñ‚Ðµ Ñ‚Ð°Ðº Ð¶Ðµ? Ð’Ñ‹Ð¿Ð¾Ð»Ð½ÑÐ¹Ñ‚Ðµ Ð¸Ð½Ñ‚ÐµÑ€ÐµÑÐ½Ñ‹Ðµ Ð·Ð°Ð´Ð°Ð½Ð¸Ñ Ð² Ð¸Ð³Ñ€Ðµ Â«Ð¡Ð¾Ñ‡Ð¸ 2014. ÐšÑƒÑ€Ð¾Ñ€Ñ‚ ÐžÐ»Ð¸Ð¼Ð¿Ð¸Ð¹ÑÐºÐ¸Ñ… Ð¸Ð³Ñ€Â»!|5
241|Ð‘ÐµÐ·Ñ„Ð¾ÑÑ„Ð°Ñ‚Ð½Ð°Ñ Ð¿Ñ€Ð¾Ð´ÑƒÐºÑ†Ð¸Ñ Ñ ÐŸÐ¾Ð»ÑŒÑˆÐ¸ Ð¸ Ð“ÐµÑ€Ð¼Ð°Ð½Ð¸Ð¸, Ð²ÑÐµ Ð² Ð½Ð°Ð»Ð¸Ñ‡Ð¸Ð¸, Ð±ÐµÑÐ¿Ð»Ð°Ñ‚Ð½Ð°Ñ Ð´Ð¾ÑÑ‚Ð°Ð²ÐºÐ° ))))|5
242|Ð‘Ñ‹Ñ‚Ð¾Ð²Ð°Ñ Ñ…Ð¸Ð¼Ð¸Ñ Ð² Ð½Ð°Ð»Ð¸Ñ‡Ð¸Ð¸. Ð‘ÐµÑÐ¿Ð»Ð°Ñ‚Ð½Ð°Ñ Ð´Ð¾ÑÑ‚Ð°Ð²ÐºÐ° Ð¿Ð¾ Ð³Ð¾Ñ€Ð¾Ð´Ñƒ!!!|5
243|Ð‘Ð•Ð—Ð¤ÐžÐ¡Ð¤ÐÐ¢ÐÐÐ¯ ÐŸÐ ÐžÐ”Ð£ÐšÐ¦Ð˜Ð¯ Ð’ ÐÐÐ›Ð˜Ð§Ð˜Ð˜ !!|5
244|ÐÐ°ÑˆÐµÐ»ÑÑ ÐºÐ»Ð°ÑÑÐ½Ñ‹Ð¹ ÑÐ°Ð¹Ñ‚, Ñ‡ÐµÑ€ÐµÐ· ÐºÐ¾Ñ‚Ð¾Ñ€Ñ‹Ð¹ Ð¼Ð¾Ð¶Ð½Ð¾ Ñ‡Ð¸Ñ‚Ð°Ñ‚ÑŒ ÑÐ¼Ñ Ð¸ ÑÐ¼Ð¾Ñ‚Ñ€ÐµÑ‚ÑŒ Ð·Ð²Ð¾Ð½ÐºÐ¸ Ð›Ð®Ð‘ÐžÐ“Ðž Ð¼Ð¾Ð±Ð¸Ð»ÑŒÐ½Ð¾Ð³Ð¾ Ñ‚ÐµÐ»ÐµÑ„Ð¾Ð½Ð°! ÐÐµ Ð´Ð°Ñ‘Ð¼ ÑÐµÐ±Ñ Ð¾Ð±Ð¼Ð°Ð½Ñ‹Ð²Ð°Ñ‚ÑŒ! Ð¡ÑÑ‹Ð»ÐºÐ° http://vkontrole.org ,Ñ€Ð°Ð±Ð¾Ñ‚Ð°ÐµÑ‚ Ð¾Ñ‚Ð»Ð¸Ñ‡Ð½Ð¾!!|5
245|Ð‘Ð«Ð¢ÐžÐ’ÐÐ¯ Ð¥Ð˜ÐœÐ˜Ð¯ Ð¡ ÐŸÐžÐ›Ð¬Ð¨Ð˜ Ð˜ Ð“Ð•Ð ÐœÐÐÐ˜Ð˜ ÐŸÐž Ð¡ÐÐœÐ«Ðœ Ð”ÐžÐ¡Ð¢Ð£ÐŸÐÐ«Ðœ Ð¦Ð•ÐÐÐœ, Ð’Ð¡Ð• Ð’ ÐÐÐ›Ð˜Ð§Ð˜Ð˜, Ð”ÐžÐ¡Ð¢ÐÐ’ÐšÐ!!! Ð—ÐÐšÐÐ—Ð«Ð’ÐÐ™Ð¢Ð•))))|5
246|Ð¯ Ð¿Ð¾Ð»ÑƒÑ‡Ð¸Ð»Ð° Ð´Ð¾ÑÑ‚Ð¸Ð¶ÐµÐ½Ð¸Ðµ Ð’ÑÐµÐ³Ð´Ð° Ð½Ð° ÑÐ²ÑÐ·Ð¸|5
247|Ð¯ Ð¿Ð¾Ð»ÑƒÑ‡Ð¸Ð»Ð° Ð´Ð¾ÑÑ‚Ð¸Ð¶ÐµÐ½Ð¸Ðµ Ð¤Ð°Ð½Ð°Ñ‚ ÑƒÑ€Ð¾Ð²Ð½Ñ 1|5
248|Ð¥Ð°Ñ…Ð°! ÐŸÑ€ÐµÐºÑ€Ð°ÑÐ½Ð¾Ðµ Ð¿Ñ€Ð¾Ñ…Ð¾Ð¶Ð´ÐµÐ½Ð¸Ðµ Ð»Ð¾ÐºÐ°Ñ†Ð¸Ð¹! ÐŸÑ€ÐµÐ¾Ð´Ð¾Ð»ÐµÐ²Ð°Ð¹Ñ‚Ðµ Ñ‚Ñ€ÑƒÐ´Ð½Ð¾ÑÑ‚Ð¸, Ð¿Ð¾Ð»ÑƒÑ‡Ð°Ð¹Ñ‚Ðµ Ð±Ð¾Ð³Ð°Ñ‚Ñ‹Ðµ Ð½Ð°Ð³Ñ€Ð°Ð´Ñ‹!Ð”Ñ€ÑƒÐ·ÑŒÑ, Ð´Ð°Ð²Ð°Ð¹Ñ‚Ðµ ÑÑ€Ð°Ð¶Ð°ÐµÐ¼ÑÑ Ð¿Ð»ÐµÑ‡Ð¾Ð¼ Ðº Ð¿Ð»ÐµÑ‡Ñƒï¼|5
249|Ð‘Ñ€ÑŽÐ½ÐµÑ‚ÐºÐ° - ÐºÐ°Ðº Ñ‡ÐµÑ€Ð½Ñ‹Ð¹ ÐºÐ¾Ñ„Ðµ- Ð³Ð¾Ñ€ÑÑ‡Ð°Ñ Ð¸ Ð¼Ð°Ð½ÑÑ‰Ð°Ñ, Ñ‡ÑƒÑ‚ÑŒ Ñ Ð³Ð¾Ñ€Ñ‡Ð¸Ð½ÐºÐ¾Ð¹, Ð¾Ð±Ð¶Ð¸Ð³Ð°ÑŽÑ‰Ð°Ñ, Ñ Ð½ÐµÐ¿Ð¾Ð²Ñ‚Ð¾Ñ€Ð¸Ð¼Ñ‹Ð¼ Ð°Ñ€Ð¾Ð¼Ð°Ñ‚Ð¾Ð¼... Ð¾Ð´Ð½Ð°Ð¶Ð´Ñ‹ Ð¿Ð¾Ð¿Ñ€Ð¾Ð±Ð¾Ð²Ð°Ð², Ð½Ðµ Ð¿Ñ€Ð¾Ð¼ÐµÐ½ÑÐµÑˆÑŒ, Ð½Ð¸ Ð½Ð° Ñ‡Ñ‚Ð¾ Ð´Ñ€ÑƒÐ³Ð¾Ðµ..|5
250|â˜€â˜€â˜€Ð¡ÑƒÐ¿ÐµÑ€ ÐºÑ€Ð¾ÑÑÑ‹ â˜€â˜€â˜€  Ð’ ÐÐÐ›Ð˜Ð§Ð˜Ð˜ ðŸ¦‹ðŸ˜|5
251|ÐŸÑ€Ð¾Ð´Ð°Ð¼ ÐºÐ¾Ð»ÑÑÐºÑƒ Ð´Ð»Ñ Ð´Ð²Ð¾Ð¹Ð½Ð¸ 3500Ð³Ñ€Ð½ Ð² Ñ…Ð¾Ñ€Ð¾ÑˆÐµÐ¼ ÑÐ¾ÑÑ‚Ð¾ÑÐ½Ð¸Ð¸.Ð²Ð¾Ð·Ð¼Ð¾Ð¶ÐµÐ½ Ñ‚Ð¾Ñ€Ð³ Ð¸ Ð±ÐµÑÐ¿Ð»Ð°Ñ‚Ð½Ð°Ñ Ð´Ð¾ÑÑ‚Ð°Ð²ÐºÐ° Ð¿Ð¾ ÐšÑ€Ð°Ð¼Ð°Ñ‚Ð¾Ñ€ÑÐºÑƒ Ð¸ Ð”Ñ€ÑƒÐ¶ÐºÐ¾Ð²ÐºÐµ.Ð²ÑÐµ Ð²Ð¾Ð¿Ñ€Ð¾ÑÑ‹ Ð»Ñ|5
252|Ð¡Ð°Ð»Ñ„ÐµÑ‚ÐºÐ¸ Ð²Ð»Ð°Ð¶Ð½Ñ‹Ðµ,Ñ…Ð¾Ñ€Ð¾ÑˆÐµÐ³Ð¾ ÐºÐ°Ñ‡ÐµÑÑ‚Ð²Ð° Ñ‚ÑƒÑ€ÐµÑ†ÐºÐ¾Ð³Ð¾ Ð¿Ñ€Ð¾Ð¸Ð·Ð²Ð¾Ð´ÑÑ‚Ð²Ð°!!!!50ÑˆÑ‚ Ð² ÑƒÐ¿ 15Ð³Ñ€Ð½|5
253| Ð½ÐµÐ´Ð²Ð¸Ð¶Ð¸Ð¼Ð¾ÑÑ‚ÑŒ Ð² ÑÑ‚Ð°Ñ€Ð¾ÑÐµÐ¼ÐµÐ¹ÐºÐ¸Ð½Ð¾ #yandeximages|5
254|Ð¯ Ð·Ð°Ñ€ÐµÐ³ÐµÑÑ‚Ñ€Ð¸Ñ€Ð¾Ð²Ð°Ð»ÑÑ Ð½Ð° ClubPartners.ru! ÐŸÑ€Ð¸ÑÐ¾ÐµÐ´ÐµÐ½ÑÐ¹ÑÑ Ðº Ð½Ð°Ð¼!|5
255|Ð¯ ÐºÑƒÐ¿Ð¸Ð» Ð½Ð¾Ð²ÑƒÑŽ Ð¾Ð´ÐµÐ¶Ð´Ñƒ Ð² [club71223946 Ð¤Ð¸Ð·Ñ€ÑƒÐºÐµ].|5
256|ÐÐ»Ð¸ÐºÑ Ñ Ð´Ð½Ñ‘Ð¼ Ñ€Ð¾Ð¶Ð´ÐµÐ½Ð¸Ñ!!!Ð²ÐµÑÐµÐ»ÑŒÐµ Ð¿Ñ€Ð¸Ð½Ð¾ÑÐ¸Ñ‚ Ð½Ð°Ð¼ Ð²ÐºÑƒÑ Ð±Ð¾Ð´Ñ€ÑÑ‰Ð¸Ð¹,Ð¿Ñ€Ð°Ð·Ð´Ð½Ð¸Ðº Ð²ÐºÑƒÑÐ° Ð²ÑÐµÐ³Ð´Ð° Ð½Ð°ÑÑ‚Ð¾ÑÑˆÐ¸Ð¹!))))))).|5
257|"Ð¯ Ð¿Ð¾Ð»ÑƒÑ‡Ð¸Ð» 1 Ð´Ð°Ð½ Ð² Ð¸Ð³Ñ€Ðµ ""Ð‘Ð¾Ð¹ Ñ Ñ‚ÐµÐ½ÑŒÑŽ"""|5
258|"Ð¯ Ð¿Ð¾Ð»ÑƒÑ‡Ð¸Ð» 2 Ð´Ð°Ð½ Ð² Ð¸Ð³Ñ€Ðµ ""Ð‘Ð¾Ð¹ Ñ Ñ‚ÐµÐ½ÑŒÑŽ"""|5
259|ðŸ›ðŸ›ðŸ›ÐÐ¾Ð²Ð¸Ð½ÐºÐ¸ Ñ‚ÑƒÑ„ÐµÐ»ÑŒÐºÐ¸ ðŸ›ðŸ›ðŸ›  Ð’ ÐÐÐ›Ð˜Ð§Ð˜Ð˜ ðŸ’‹|5
260|â¤â¤â¤Ð¡Ð°Ð¼Ñ‹Ðµ Ð»ÑŽÐ±Ð¸Ð¼Ñ‹Ðµ ÑÐ»Ð¸Ð¿Ñ‹ â¤â¤â¤ Ð¦Ð²ÐµÑ‚Ð° Ð² Ð°ÑÑÐ¾Ñ€Ñ‚Ð¸Ð¼ÐµÐ½Ñ‚Ðµ ðŸ’¯ Ð’ ÐÐÐ›Ð˜Ð§Ð˜Ð˜ ðŸ™ŒðŸ»|5
261|ðŸ›ðŸ›ðŸ›Ð›ÑŽÐ±Ð¸Ð¼Ñ‹Ðµ Ñ‚ÑƒÑ„ÐµÐ»ÑŒÐºÐ¸ ðŸ›ðŸ›ðŸ˜˜ Ð£ÑÐ¿ÐµÐ¹ ÐºÑƒÐ¿Ð¸Ñ‚ÑŒ ðŸ˜˜ðŸ’ƒ|5
262|ÐŸÑ€Ð¸ÐºÐ»ÑŽÑ‡ÐµÐ½Ð¸Ñ ÐœÐ¸Ð»Ð»Ð¸Ð¾Ð½ÐµÑ€Ð°|5
263|â¤â¤â¤Ð›ÑŽÐ±Ð¸Ð¼Ñ‹Ðµ Ñ‚ÑƒÑ„ÐµÐ»ÑŒÐºÐ¸ â¤â¤â¤ Ð’ ÐÐÐ›Ð˜Ð§Ð˜Ð˜ ðŸ˜‰|5
264|Ð’ ÐºÐ¾Ð½Ñ†Ðµ ÑÐ»ÐµÐ´ÑƒÑŽÑ‰ÐµÐ¹ Ð½Ð¸Ð´ÐµÐ»Ð¸ Ð±ÑƒÐ´ÑƒÑ‚ Ð¿Ð¾Ð´Ð³ÑƒÐ·Ð½Ð¸ÐºÐ¸ Ð”Ð°Ð´Ð°  ÐŸÑ€ÐµÐ¼Ð¸ÑƒÐ¼  ÐœÐ•Ð“ÐÐŸÐÐšÐ˜ Ñ€3,4,5, ÐºÐ¾Ð¼Ñƒ Ð¿Ñ€Ð¸Ð²ÐµÐ·Ñ‚Ð¸ ? Ð‘Ñ€Ð¾Ð½Ð¸Ñ€ÑƒÐ¹Ñ‚Ðµ Ð·Ð°Ñ€Ð°Ð½ÐµÐµ Ð¿Ð¾Ð¶Ð°Ð»ÑƒÐ¹ÑÑ‚Ð°!!!!|5
265|Ð¯ Ð·Ð°ÐºÐ°Ð·Ñ‹Ð²Ð°ÑŽ ÐºÑ€ÑƒÑ‚Ñ‹Ðµ Ð²ÐµÑ‰Ð¸ Ñ‡ÐµÑ€ÐµÐ· Ð¿Ñ€Ð¸Ð»Ð¾Ð¶ÐµÐ½Ð¸Ðµ Pandao. Ð¡ÐºÐ°Ñ‡Ð°Ð¹ ÑÐµÐ¹Ñ‡Ð°Ñ Ð¸ Ð¿Ð¾Ð»ÑƒÑ‡Ð¸ 100 Ð±Ð°Ð»Ð»Ð¾Ð², ÐºÐ¾Ñ‚Ð¾Ñ€Ñ‹Ðµ Ð¼Ð¾Ð¶Ð½Ð¾ Ð¾Ð±Ð¼ÐµÐ½ÑÑ‚ÑŒ Ð½Ð° Ð±ÐµÑÐ¿Ð»Ð°Ñ‚Ð½Ñ‹Ðµ Ñ‚Ð¾Ð²Ð°Ñ€Ñ‹.|5
266|Ð’ÑÐµÑ… Ñ Ð¿Ñ€Ð°Ð·Ð´Ð½Ð¸ÐºÐ¾Ð¼!|5
267|Photographer: [id123038500 ÐÐ°Ñ‚Ð°Ð»ÑŒÑ ÐÐ½Ð´Ñ€ÐµÐµÐ²Ð°]  Location: [club174465494 Ð˜Ð½Ñ‚ÐµÑ€ÑŒÐµÑ€Ð½Ð°Ñ Ñ„Ð¾Ñ‚Ð¾ÑÑ‚ÑƒÐ´Ð¸Ñ Dreams & Magic Ð³.Ð“Ð¾Ñ€Ð»Ð¾Ð²ÐºÐ°]|5
268|ÐŸÐ¾Ñ‡ÐµÐ¼Ñƒ Ð½Ðµ Ð²ÑÐµ Ð’Ð°ÑˆÐ¸ Ð¿Ð°Ñ€Ñ‚Ð½ÐµÑ€Ñ‹ Ð¿Ñ€ÐµÑƒÑÐ¿ÐµÐ²Ð°ÑŽÑ‚ Ð² Ð±Ð¸Ð·Ð½ÐµÑÐµ? ÐŸÑ€Ð¸Ñ…Ð¾Ð´Ð¸ Ðº Ð½Ð°Ð¼ Ð¸ Ñ‚ÐµÐ±Ñ Ð½Ð°ÑƒÑ‡Ð¸Ð¼ Ð·Ð°Ñ€Ð°Ð±Ð°Ñ‚Ð¾Ð²Ð°Ñ‚ÑŒ Ð¾Ñ‚ 1000$ Ð² Ð¼ÐµÑÑÑ† Ð±ÐµÐ· Ð¸Ð½Ð²ÐµÑÑ‚Ð¸Ñ†Ð¸Ð¹,Ð±ÐµÐ· Ð¿Ñ€Ð¾Ð´Ð°Ð¶ ! http://comanda.as9.tv/welcome Ð—Ð°Ñ…Ð¾Ð´Ð¸Ð¼ Ð¸ Ð¾Ð±ÑƒÑ‡Ð°ÐµÐ¼ÑÑ Ð²Ð¼ÐµÑÑ‚Ðµ ÑÐ½Ð°Ð¼Ð¸ http://as9.tv/conference/manager/comanda Ð¡ÐµÐ³Ð¾Ð´Ð½Ñ Ð² 14:00 Ð¸ 19:30 ÐœÐ¾ÑÐºÐ²Ñ‹. Ð–Ð´ÐµÐ¼ Ð’Ð°Ñ Ð½Ð° Ð¿Ð¾Ñ€Ñ‚Ð°Ð»Ðµ http://comanda.st10.su/15 ÐŸÑ€Ð¾ÑÑ‚Ð¾ Ð·Ð°Ð¹Ð¼Ð¸ Ð´Ð»Ñ ÑÐµÐ±Ñ ÑÐ»Ð°Ð´ÐºÑƒÑŽ Ð¿Ð¾Ð·Ð¸Ñ†Ð¸ÑŽ!!!> http://Alexej.BAPowerline.com/ < Ð”Ð¾ Ð²ÑÑ‚Ñ€ÐµÑ‡Ð¸! ÐœÑ‹ Ñ†ÐµÐ½Ð¸Ð¼ ÐºÐ°Ð¶Ð´Ð¾Ð³Ð¾ Ð¸Ð· Ð’Ð°Ñ!|5
269|Ð”Ñ€ÑƒÐ·ÑŒÑ! ÐŸÑ€Ð¸Ð³Ð»Ð°ÑˆÐ°ÑŽ Ð²Ð°Ñ Ð² Ð½Ð¾Ð²ÑƒÑŽ Ð¸Ð½Ñ‚ÐµÑ€ÐµÑÐ½ÑƒÑŽ Ð¸Ð³Ñ€Ñƒ!|5
270|â¤Ð’ ÐÐÐ›Ð˜Ð§Ð˜Ð˜â¤Ð’ ÐÐÐ›Ð˜Ð§Ð˜Ð˜â¤Ð’ ÐÐÐ›Ð˜Ð§Ð˜Ð˜â¤|5
271|ÐŸÑ€Ð¾Ð´Ð¾Ð»Ð¶Ð°ÐµÐ¼ Ð²ÑÐ¿Ð¾Ð¼Ð¸Ð½Ð°Ñ‚ÑŒ....2014Ð³.  ÐœÑŽÐ·Ð¸ÐºÐ» ÐœÐ°ÐºÑÐ¸Ð¼Ð° Ð”ÑƒÐ½Ð°ÐµÐ²ÑÐºÐ¾Ð³Ð¾ ÐÐ›Ð«Ð• ÐŸÐÐ Ð£Ð¡Ð Ð½Ð° ÑÑ†ÐµÐ½Ðµ Ð¢ÐµÐ°Ñ‚Ñ€Ð° ÐœÑŽÐ·Ð¸Ðº-Ð¥Ð¾Ð»Ð». #Ð°Ð»Ñ‹ÐµÐ¿Ð°Ñ€ÑƒÑÐ° #Ð¼ÑŽÐ·Ð¸ÐºÐ»Ð°Ð»Ñ‹ÐµÐ¿Ð°Ñ€ÑƒÑÐ° #Ð¼Ð°ÐºÑÐ¸Ð¼Ð´ÑƒÐ½Ð°ÐµÐ²ÑÐºÐ¸Ð¹|5
272|Ð±Ñ€Ð°Ñ‚Ð²Ð° Ð´Ð¾Ð±Ð¾Ð²Ð»ÑÐ¹Ñ‚ÐµÑÑŒ Ð² Ð´Ñ€ÑƒÐ·ÑŒÑ!Ð±Ñ€Ð°Ñ‚Ð²Ð° Ð´Ð¾Ð±Ð¾Ð²Ð»ÑÐ¹Ñ‚ÐµÑÑŒ Ð² Ð´Ñ€ÑƒÐ·ÑŒÑ!Ð±Ñ€Ð°Ñ‚Ð²Ð° Ð´Ð¾Ð±Ð¾Ð²Ð»ÑÐ¹Ñ‚ÐµÑÑŒ Ð² Ð´Ñ€ÑƒÐ·ÑŒÑ!Ð±Ñ€Ð°Ñ‚Ð²Ð° Ð´Ð¾Ð±Ð¾Ð²Ð»ÑÐ¹Ñ‚ÐµÑÑŒ Ð² Ð´Ñ€ÑƒÐ·ÑŒÑ!Ð±Ñ€Ð°Ñ‚Ð²Ð° Ð´Ð¾Ð±Ð¾Ð²Ð»ÑÐ¹Ñ‚ÐµÑÑŒ Ð² Ð´Ñ€ÑƒÐ·ÑŒÑ!|5
273|"Ð¤Ñ€Ð°Ð³Ð¼ÐµÐ½Ñ‚ Ð±Ð°Ð»ÐµÑ‚Ð° Â«Ð—Ð¾Ð»ÑƒÑˆÐºÐ°Â»  Â«Ð“Ð¾ÑÑƒÐ´Ð°Ñ€ÑÑ‚Ð²ÐµÐ½Ð½Ñ‹Ð¹ Ð±Ð°Ð»ÐµÑ‚ Ð½Ð° Ð»ÑŒÐ´Ñƒ Ð¡Ð°Ð½ÐºÑ‚-ÐŸÐµÑ‚ÐµÑ€Ð±ÑƒÑ€Ð³Ð°Â»  Ð½Ð° ÑÑ†ÐµÐ½Ðµ Ñ‚ÐµÐ°Ñ‚Ñ€Ð° "" ÐœÑŽÐ·Ð¸Ðº-Ð¥Ð¾Ð»Ð»""  #Ð¼ÑŽÐ·Ð¸ÐºÑ…Ð¾Ð»Ð» #Ð±Ð°Ð»ÐµÑ‚Ð½Ð°Ð»ÑŒÐ´Ñƒ #Ð·Ð¾Ð»ÑƒÑˆÐºÐ°"|5
274|Ð”ÐµÐ½Ð¸Ñ Ð¡Ð¼Ð¸Ñ€Ð½Ð¾Ð² Ð² TikTok|5
275|"ÐŸÑ€ÐµÐ¼ÑŒÐµÑ€Ð° Ð¼ÑŽÐ·Ð¸ÐºÐ»Ð° ""Ð’Ð˜ÐÐ˜Ð›"" Ð½Ð° ÑÑ†ÐµÐ½Ðµ Ð¢ÐµÐ°Ñ‚Ñ€Ð° ÐœÑŽÐ·Ð¸Ðº Ð¥Ð¾Ð»Ð».  #Ð¼ÑŽÐ·Ð¸ÐºÑ…Ð¾Ð»Ð» #Ð²Ð¸Ð½Ð¸Ð» #Ð¼ÑŽÐ·Ð¸ÐºÐ»"|5
276|Ð¯ Ñ‚Ð¾Ð»ÑŒÐºÐ¾ Ñ‡Ñ‚Ð¾ Ð²Ñ‹Ð¸Ð³Ñ€Ð°Ð» Ð² ÐšÐ¾Ñ€Ð¾Ñ‚ÐºÐ¸Ðµ Ð½Ð°Ñ€Ð´Ñ‹! ÐŸÑ€Ð¸ÑÐ¾ÐµÐ´Ð¸Ð½ÑÐ¹Ñ‚ÐµÑÑŒ Ð¸ Ð¿Ð¾Ð¿Ñ€Ð¾Ð±ÑƒÐ¹Ñ‚Ðµ Ð¼ÐµÐ½Ñ Ð¾Ð±Ñ‹Ð³Ñ€Ð°Ñ‚ÑŒ!|5
277|Ð¯ Ñ‚Ð¾Ð»ÑŒÐºÐ¾ Ñ‡Ñ‚Ð¾ Ð²Ñ‹Ð¸Ð³Ñ€Ð°Ð» Ð² Ð”Ð»Ð¸Ð½Ð½Ñ‹Ðµ Ð½Ð°Ñ€Ð´Ñ‹! ÐŸÑ€Ð¸ÑÐ¾ÐµÐ´Ð¸Ð½ÑÐ¹Ñ‚ÐµÑÑŒ Ð¸ Ð¿Ð¾Ð¿Ñ€Ð¾Ð±ÑƒÐ¹Ñ‚Ðµ Ð¼ÐµÐ½Ñ Ð¾Ð±Ñ‹Ð³Ñ€Ð°Ñ‚ÑŒ!|5
278|Ð—Ð°Ð¿Ð¸Ñ‚Ð°Ð¹ Ð¼ÐµÐ½Ðµ  |5
279|Ð—Ð°Ð´Ð°Ð¹ Ð¼Ð½Ðµ Ð²Ð¾Ð¿Ñ€Ð¾Ñ   ask.fm/PolinaRotar|5
280|Photographer: [id33821669 ÐÐ½Ð³ÐµÐ»Ð¸Ð½Ð° ÐŸÐ¾Ð»ÑŽÑˆÐºÐ¾]  Location: [club174465494 Ð˜Ð½Ñ‚ÐµÑ€ÑŒÐµÑ€Ð½Ð°Ñ Ñ„Ð¾Ñ‚Ð¾ÑÑ‚ÑƒÐ´Ð¸Ñ Dreams & Magic Ð³.Ð“Ð¾Ñ€Ð»Ð¾Ð²ÐºÐ°]|5
281|âš âš âš Ð—ÐÐ˜Ð–Ð•Ð§ÐšÐâš âš âš  Ð”Ð¾ Ð´Ð½Ñ Ð¡Ð². ÐœÐ¸ÐºÐ¾Ð»Ð°ÑðŸŽ… Ñ‚Ð° ÐÐ¾Ð²Ð¾Ñ€Ñ–Ñ‡Ð½Ð¸Ñ… ÑÐ²ÑÑ‚ Ñ†Ñ–Ð½Ð°ðŸ’£ðŸ‘‡ Ð¨Ð°Ð¿Ð¾Ñ‡ÐºÐ¸ Ð· Ð¼Ð¾Ñ…ÐµÑ€Ð° (Ð² Ð¾Ð´Ð½Ñƒ Ð½Ð¸Ñ‚Ð¾Ñ‡ÐºÑƒ) 300 Ð³Ñ€Ð½ ðŸŽ€ðŸ‘Œ Ð— Ð´Ð²Ñ–Ð¹Ð½Ð¾ÑŽ Ð½Ð¸Ñ‚Ð¾Ñ‡ÐºÐ¾ÑŽ 350 Ð³Ñ€Ð½ Ð’'ÑÐ¶Ñƒ Ð½Ð° Ð·Ð°Ð¼Ð¾Ð²Ð»ÐµÐ½Ð½Ñ)  ÐŸÐ°Ð»Ñ–Ñ‚Ñ€Ñƒ ÐºÐ¾Ð»ÑŒÐ¾Ñ€Ñ–Ð² ÑÐºÐ¸Ð´Ð°ÑŽ Ð² Ð¿Ñ€Ð¸Ð²Ð°Ñ‚ ðŸŒˆ P.S. Ð—Ð¸Ð¼Ð° Ð¿Ñ€Ð¸Ð¹ÑˆÐ»Ð°â›„|5
282|Ð”Ð¾Ð±Ð°Ð²Ð»ÑÐ¹ÑÑ ÐºÐ¾ Ð¼Ð½Ðµ Ð² Ð”Ñ€ÑƒÐ³Ð’Ð¾ÐºÑ€ÑƒÐ³! ? ????? Ð›ÑƒÑ‡ÑˆÐ¸Ð¹ ÑÐµÑ€Ð²Ð¸Ñ Ð´Ð»Ñ Ð¾Ð±Ñ‰ÐµÐ½Ð¸Ñ Ð¸ Ð¿Ð¾Ð¸ÑÐºÐ° Ð½Ð¾Ð²Ñ‹Ñ… Ð´Ñ€ÑƒÐ·ÐµÐ¹ - 30 Ð¼Ð»Ð½. Ñ‡ÐµÐ»Ð¾Ð²ÐµÐº Ð³Ð¾Ñ‚Ð¾Ð²Ñ‹ Ð¾Ð±Ñ‰Ð°Ñ‚ÑŒÑÑ Ð¿Ñ€ÑÐ¼Ð¾ ÑÐµÐ¹Ñ‡Ð°Ñ! ?|5
283|Ð”Ñ€ÑƒÐ·ÑŒÑ, Ð¾ÑÐ¼ÐµÐ»Ð¸Ñ‚ÐµÑÑŒ Ð¿Ñ€Ð¸Ð½ÑÑ‚ÑŒ Ð¼Ð¾Ð¹ Ð²Ñ‹Ð·Ð¾Ð²? Ð—Ð°Ð²ÐµÑ€ÑˆÐ¸Ð» 7 ÑÐµÑ€Ð¸Ð¹Ð½Ñ‹Ñ… Ð¿Ð¾Ð±ÐµÐ´ ÑÐµÐ³Ð¾Ð´Ð½Ñ.|5
284|ÐœÐ¾Ð½Ñ‚Ð°Ð¶ Ð½Ð°Ñ‚ÑÐ¶Ð½Ð¾Ð³Ð¾ Ð¿Ð¾Ñ‚Ð¾Ð»ÐºÐ°|5
285|ÑÑ‚Ð¾ Ð¿Ñ€Ð°Ð²Ð´Ð°|5
286|Ð¢ÐµÐ¿ÐµÑ€ÑŒ Ñ Ñ€ÐµÐ´Ð°ÐºÑ‚Ð¸Ñ€ÑƒÑŽ ÑÐ²Ð¾Ð¸ Ñ„Ð¾Ñ‚Ð¾Ð³Ñ€Ð°Ñ„Ð¸Ð¸ Ñ‚Ð¾Ð»ÑŒÐºÐ¾ Ð·Ð´ÐµÑÑŒ!|5
287|ÐŸÑ€Ð¸Ð³Ð»Ð°ÑˆÐ°ÐµÐ¼ Ð³Ð¾ÑÑ‚ÐµÐ¹!|5
288|ÐºÑƒÐ¿Ð¸Ð» Ð½Ð¾Ð²Ð¾Ðµ Ð¾Ñ€ÑƒÐ¶Ð¸Ðµ 'Colt King Cobra' ÐŸÐ¾Ð²Ñ€ÐµÐ¶Ð´ÐµÐ½Ð¸Ðµ: 40 - 50 HP|5
289|Ð¢ÑƒÑÐ¾Ð²ÐºÐ° Â«ÐŸÐ¾Ð»ÑƒÐ½Ð¾Ñ‡Ð½Ñ‹Ð¹ Ð±Ð°Ð» Ð¶ÑƒÑ€Ð½Ð°Ð»Ð° Chic MagazineÂ» Ð±Ñ‹Ð»Ð° ÐºÐ»Ð°ÑÑÐ½Ð¾Ð¹! Ð¯ Ð·Ð°Ð²ÐµÑ€ÑˆÐ¸Ð»Ð° Ñ‚ÑƒÑÐ¾Ð²ÐºÑƒ Â«ÐŸÐ¾Ð»ÑƒÐ½Ð¾Ñ‡Ð½Ñ‹Ð¹ Ð±Ð°Ð» Ð¶ÑƒÑ€Ð½Ð°Ð»Ð° Chic MagazineÂ»!|5
290|Ð”Ð°Ð²Ð°Ð¹ Ð¾Ñ‚ÐºÑ€Ñ‹Ð²Ð°Ñ‚ÑŒ ÐºÐµÐ¹ÑÑ‹ Ð²Ð¼ÐµÑÑ‚Ðµ!|5
291|Ð‘Ð»Ð°Ð³Ð¾Ñ‚Ð²Ð¾Ñ€Ð¸Ñ‚ÐµÐ»ÑŒÐ½Ñ‹Ð¹ Ñ„Ð¾Ð½Ð´ Ð´Ð»Ñ Ð½ÑƒÐ¶Ð´Ð°ÑŽÑ‰Ð¸Ð¹|5
292|â˜… Ð¾Ñ‚Ð¿Ñ€Ð°Ð²Ð»ÐµÐ½Ð¾ Ñ‡ÐµÑ€ÐµÐ·: http://Ð¾Ð³Ñ€Ð¾Ð¼Ð½Ñ‹Ðµ-Ð¾Ñ‚ÐºÑ€Ñ‹Ñ‚ÐºÐ¸.Ñ€Ñ„|5
293|Ð¯ Ð¿Ð¾Ð±ÐµÐ´Ð¸Ð» Ð² Ð¶ÐµÑÑ‚Ð¾ÐºÐ¾Ð¼ ÐºÑƒÐ»Ð°Ñ‡Ð½Ð¾Ð¼ Ð±Ð¾ÑŽ! Ð¡Ð»Ð°Ð±Ð¾ Ñ‚Ð°Ðº Ð¶Ðµ? #ÑÑ‚ÐµÐ½ÐºÐ°Ð½Ð°ÑÑ‚ÐµÐ½ÐºÑƒ #Ð´Ñ€Ð°ÐºÐ¸|5
294|Ð‘Ð¾Ð»ÑŒÑˆÐ¾Ðµ ÑÐ¿Ð°ÑÐ¸Ð±Ð¾!!!|5
295|ðŸŽ„ðŸŽ„ðŸŽ„Ð›ÑŽÐ±Ð¸Ð¼Ñ‹Ðµ Ð¿ÑƒÑˆÐ¸ÑÑ‚Ð¸ÐºÐ¸ ðŸ˜ðŸ˜ðŸ˜    Ð’ ÐÐÐ›Ð˜Ð§Ð˜Ð˜!!!ðŸ‘¯    ÐšÐ¾Ð»Ð¸Ñ‡ÐµÑÑ‚Ð²Ð¾ Ð¾Ð³Ñ€Ð°Ð½Ð¸Ñ‡ÐµÐ½Ð¾ ðŸ™ˆ|5
297|Ð¯ Ð½Ð°ÑˆÐ»Ð° Ð´Ð¾ÑÑ‚Ð°Ñ‚Ð¾Ñ‡Ð½Ð¾ Ð¿Ð¾Ñ€Ð½Ð¾Ð³Ñ€Ð°Ñ„Ð¸Ð¸ Ð¸ Ð¿Ð¸Ñ€Ð°Ñ‚ÑÐºÐ¾Ð³Ð¾ ÐºÐ¾Ð½Ñ‚ÐµÐ½Ñ‚Ð° â€” Ñ…Ð²Ð°Ñ‚Ð¸Ñ‚ Ð½Ð° Ð²ÑÑŽ Ð¶Ð¸Ð·Ð½ÑŒ. Ð¢ÐµÐ¿ÐµÑ€ÑŒ Ñ ÑƒÑ…Ð¾Ð¶Ñƒ.|5
298|ÐšÐ¾Ð¼Ð½Ð°Ñ‚Ñ‹ Ð¾Ñ‚ 250Ñ€ + Ð’ÐÐ™-Ð¤ÐÐ™. Ð”Ð¾ Ð¾Ð·ÐµÑ€ 5 Ð¼Ð¸Ð½ÑƒÑ‚ Ð¿ÐµÑˆÐºÐ¾Ð¼. ÑƒÐ». ÐŸÑƒÑˆÐºÐ¸Ð½Ð° 38. Ñ‚: 89198573559,89123447684|5
299|ÐŸÐµÑ€ÐµÐ¹Ð´Ð¸Ñ‚Ðµ Ð¿Ð¾ ÑÑÑ‹Ð»ÐºÐµ, Ñ‡Ñ‚Ð¾Ð±Ñ‹ Ð¿Ñ€Ð¸ÑÐ¾ÐµÐ´Ð¸Ð½Ð¸Ñ‚ÑŒÑÑ Ðº Ð¼Ð¾ÐµÐ¹ Ð³Ñ€ÑƒÐ¿Ð¿Ðµ Ð² WhatsApp:  https://chat.whatsapp.com/LszUEFTGjLwEO5xOvDgAtr|5
300|#hellomyearth #Ð¾Ñ‚Ð¿ÑƒÑÐº2019 #Ð¾Ñ‚Ð¿ÑƒÑÐº #ÐºÑ€Ð°ÑÐ½Ð¾Ð´Ð°Ñ€ #Ð¿Ð°Ñ€ÐºÐ³Ð°Ð»Ð¸Ñ†ÐºÐ¾Ð³Ð¾ #Ð¿Ð°Ñ€Ðº|5
301|ÑÐµÐ½Ñ‚ÑÐ±Ñ€ÑŒ 2020 Ð¸ ÑÐ½Ð¾Ð²Ð° Ð¼Ñ‹ Ð² Ð¡Ð¾Ñ‡Ð¸ Ð¾Ñ‚Ð´Ñ‹Ñ…Ð°ÐµÐ¼|5
302|ÐšÐ°Ðº Ð±Ñ‹ Ð²Ñ‹ Ð²Ñ‹Ð³Ð»ÑÐ´ÐµÐ»Ð¸ Ð² Ð¾Ð±Ð»Ð¸ÐºÐµ ÐºÐ¸Ð½Ð¾Ð·Ð²ÐµÐ·Ð´Ñ‹?|5
303|Ð¡Ð¿Ð°ÑÐ¸Ð±Ð¾ Ð²ÑÐµÐ¼ Ð·Ð° Ð¿Ð¾Ð·Ð´Ñ€Ð°Ð²Ð»ÐµÐ½Ð¸Ñ!|5
304|Ð˜ÑÐ¿Ñ‹Ñ‚Ð°Ð¹Ñ‚Ðµ ÑÑ‚Ð¾ ÑƒÐ´Ð¸Ð²Ð¸Ñ‚ÐµÐ»ÑŒÐ½Ð¾Ðµ Ð¿Ñ€Ð¸Ð»Ð¾Ð¶ÐµÐ½Ð¸Ðµ Ð´Ð»Ñ Ð²Ð°ÑˆÐµÐ³Ð¾ IOS ÑƒÑÑ‚Ñ€Ð¾Ð¹ÑÑ‚Ð²Ð° https://goo.gl/i6nYTR|5
305|Ð¤Ð¾Ñ‚Ð¾Ð¡Ñ‚Ð°Ñ‚ÑƒÑ ÑƒÑÑ‚Ð°Ð½Ð¾Ð²Ð»ÐµÐ½ Ñ Ð¿Ð¾Ð¼Ð¾Ñ‰ÑŒÑŽ Ð¿Ñ€Ð¸Ð»Ð¾Ð¶ÐµÐ½Ð¸Ñ &quot;CÑ‚Ð°Ñ‚ÑƒÑÑ‹ Ð² ÐºÐ°Ñ€Ñ‚Ð¸Ð½ÐºÐ°Ñ…&quot;|5